match_id,radiant_win,radiant,duration,start_time,leagueid,league_name,cluster,opposing_team_id,opposing_team_name,opposing_team_logo
4763403415,FALSE,FALSE,3485,1558197483,10826,EPICENTER Major 2019,132,111474,Alliance,https://steamcdn-a.akamaihd.net/apps/dota2/images/team_logos/111474.png
4763242107,TRUE,FALSE,1477,1558194330,10826,EPICENTER Major 2019,132,111474,Alliance,https://steamcdn-a.akamaihd.net/apps/dota2/images/team_logos/111474.png
4762928869,TRUE,TRUE,1199,1558190871,10826,EPICENTER Major 2019,133,111474,Alliance,https://steamcdn-a.akamaihd.net/apps/dota2/images/team_logos/111474.png
4753590337,TRUE,TRUE,2619,1557922656,10826,EPICENTER Major 2019,134,111474,Alliance,https://steamcdn-a.akamaihd.net/apps/dota2/images/team_logos/111474.png
4592165382,FALSE,FALSE,2972,1553956030,10810,MDL Disneyland® Paris Major,132,111474,Alliance,https://steamcdn-a.akamaihd.net/apps/dota2/images/team_logos/111474.png
4591830345,TRUE,TRUE,1509,1553952734,10810,MDL Disneyland® Paris Major,136,111474,Alliance,https://steamcdn-a.akamaihd.net/apps/dota2/images/team_logos/111474.png
4415808970,FALSE,FALSE,1446,1549988022,10733,StarLadder ImbaTV Dota2 Minor,136,111474,Alliance,https://steamcdn-a.akamaihd.net/apps/dota2/images/team_logos/111474.png
4415619139,TRUE,TRUE,1714,1549984497,10733,StarLadder ImbaTV Dota2 Minor,133,111474,Alliance,https://steamcdn-a.akamaihd.net/apps/dota2/images/team_logos/111474.png
4415453336,TRUE,TRUE,1301,1549981333,10733,StarLadder ImbaTV Dota2 Minor,131,111474,Alliance,https://steamcdn-a.akamaihd.net/apps/dota2/images/team_logos/111474.png
4389805142,TRUE,TRUE,2516,1549278803,10681,DreamLeague Season 11,134,111474,Alliance,https://steamcdn-a.akamaihd.net/apps/dota2/images/team_logos/111474.png
4389680696,TRUE,TRUE,2146,1549274746,10681,DreamLeague Season 11,135,111474,Alliance,https://steamcdn-a.akamaihd.net/apps/dota2/images/team_logos/111474.png
4245699325,FALSE,TRUE,2055,1543507543,10482,The Chongqing Major,138,111474,Alliance,https://steamcdn-a.akamaihd.net/apps/dota2/images/team_logos/111474.png
4245593452,FALSE,TRUE,2342,1543503646,10482,The Chongqing Major,133,111474,Alliance,https://steamcdn-a.akamaihd.net/apps/dota2/images/team_logos/111474.png
4245485692,FALSE,FALSE,2017,1543500079,10482,The Chongqing Major,133,111474,Alliance,https://steamcdn-a.akamaihd.net/apps/dota2/images/team_logos/111474.png
4244083000,TRUE,FALSE,2514,1543417540,10482,The Chongqing Major,131,111474,Alliance,https://steamcdn-a.akamaihd.net/apps/dota2/images/team_logos/111474.png
4243970656,TRUE,FALSE,2457,1543413748,10482,The Chongqing Major,134,111474,Alliance,https://steamcdn-a.akamaihd.net/apps/dota2/images/team_logos/111474.png
3967446758,TRUE,TRUE,1961,1529697545,9870,The International 2018,131,111474,Alliance,https://steamcdn-a.akamaihd.net/apps/dota2/images/team_logos/111474.png
3723996197,FALSE,FALSE,1108,1518113932,9643,Dota2 Asia Championships 2018,136,111474,Alliance,https://steamcdn-a.akamaihd.net/apps/dota2/images/team_logos/111474.png
3723901029,TRUE,TRUE,2754,1518109549,9643,Dota2 Asia Championships 2018,137,111474,Alliance,https://steamcdn-a.akamaihd.net/apps/dota2/images/team_logos/111474.png
2996533153,TRUE,TRUE,2093,1487020991,4289,Captains Draft 3.0 Presented by DotaCinema & MoonduckTV,135,111474,Alliance,https://steamcdn-a.akamaihd.net/apps/dota2/images/team_logos/111474.png
2996459060,FALSE,FALSE,2793,1487016727,4289,Captains Draft 3.0 Presented by DotaCinema & MoonduckTV,134,111474,Alliance,https://steamcdn-a.akamaihd.net/apps/dota2/images/team_logos/111474.png
2991714067,FALSE,FALSE,3508,1486828978,4289,Captains Draft 3.0 Presented by DotaCinema & MoonduckTV,137,111474,Alliance,https://steamcdn-a.akamaihd.net/apps/dota2/images/team_logos/111474.png
2991607520,TRUE,TRUE,1388,1486826178,4289,Captains Draft 3.0 Presented by DotaCinema & MoonduckTV,135,111474,Alliance,https://steamcdn-a.akamaihd.net/apps/dota2/images/team_logos/111474.png
2547208285,TRUE,TRUE,3239,1470255202,4664,The International 2016,113,111474,Alliance,https://steamcdn-a.akamaihd.net/apps/dota2/images/team_logos/111474.png
2547154885,TRUE,TRUE,1047,1470252436,4664,The International 2016,113,111474,Alliance,https://steamcdn-a.akamaihd.net/apps/dota2/images/team_logos/111474.png
2355894068,TRUE,TRUE,3133,1462979868,4461,EPICENTER: Moscow,187,111474,Alliance,https://steamcdn-a.akamaihd.net/apps/dota2/images/team_logos/111474.png
2355766229,TRUE,TRUE,1867,1462976474,4461,EPICENTER: Moscow,186,111474,Alliance,https://steamcdn-a.akamaihd.net/apps/dota2/images/team_logos/111474.png
2352938620,FALSE,FALSE,2263,1462866887,4461,EPICENTER: Moscow,133,111474,Alliance,https://steamcdn-a.akamaihd.net/apps/dota2/images/team_logos/111474.png
2352859075,TRUE,TRUE,1757,1462863698,4461,EPICENTER: Moscow,135,111474,Alliance,https://steamcdn-a.akamaihd.net/apps/dota2/images/team_logos/111474.png
2298713609,TRUE,TRUE,1864,1460811253,4579,SL i-League Invitational Season 1,138,111474,Alliance,https://steamcdn-a.akamaihd.net/apps/dota2/images/team_logos/111474.png
2298565632,TRUE,FALSE,2136,1460807651,4579,SL i-League Invitational Season 1,136,111474,Alliance,https://steamcdn-a.akamaihd.net/apps/dota2/images/team_logos/111474.png
2298421256,TRUE,TRUE,2196,1460803762,4579,SL i-League Invitational Season 1,137,111474,Alliance,https://steamcdn-a.akamaihd.net/apps/dota2/images/team_logos/111474.png
1973117951,FALSE,FALSE,2492,1448993739,3902,StarLadder | i-League,138,111474,Alliance,https://steamcdn-a.akamaihd.net/apps/dota2/images/team_logos/111474.png
1972994203,FALSE,FALSE,2718,1448989214,3902,StarLadder | i-League,132,111474,Alliance,https://steamcdn-a.akamaihd.net/apps/dota2/images/team_logos/111474.png
1914713381,FALSE,TRUE,2481,1446672927,3534,The Defense Season 5,132,111474,Alliance,https://steamcdn-a.akamaihd.net/apps/dota2/images/team_logos/111474.png
1914619443,TRUE,TRUE,2604,1446668221,3534,The Defense Season 5,138,111474,Alliance,https://steamcdn-a.akamaihd.net/apps/dota2/images/team_logos/111474.png
4981028582,TRUE,TRUE,1674,1566485536,10749,The International 2019,308,39,Evil Geniuses,https://steamcdn-a.akamaihd.net/apps/dota2/images/team_logos/39.png
4980888053,TRUE,TRUE,2523,1566480946,10749,The International 2019,308,39,Evil Geniuses,https://steamcdn-a.akamaihd.net/apps/dota2/images/team_logos/39.png
4980773381,TRUE,FALSE,1844,1566477153,10749,The International 2019,308,39,Evil Geniuses,https://steamcdn-a.akamaihd.net/apps/dota2/images/team_logos/39.png
4969232153,TRUE,TRUE,2147,1565922415,10749,The International 2019,308,39,Evil Geniuses,https://steamcdn-a.akamaihd.net/apps/dota2/images/team_logos/39.png
4969185930,TRUE,TRUE,1935,1565918119,10749,The International 2019,308,39,Evil Geniuses,https://steamcdn-a.akamaihd.net/apps/dota2/images/team_logos/39.png
4864333508,FALSE,FALSE,3103,1561477352,10826,EPICENTER Major 2019,185,39,Evil Geniuses,https://steamcdn-a.akamaihd.net/apps/dota2/images/team_logos/39.png
4720771946,TRUE,FALSE,2888,1556999108,10810,MDL Disneyland® Paris Major,137,39,Evil Geniuses,https://steamcdn-a.akamaihd.net/apps/dota2/images/team_logos/39.png
4720625198,FALSE,TRUE,2298,1556994514,10810,MDL Disneyland® Paris Major,132,39,Evil Geniuses,https://steamcdn-a.akamaihd.net/apps/dota2/images/team_logos/39.png
4074821374,FALSE,FALSE,3207,1535002214,9870,The International 2018,113,39,Evil Geniuses,https://steamcdn-a.akamaihd.net/apps/dota2/images/team_logos/39.png
4074748928,FALSE,TRUE,2612,1534997864,9870,The International 2018,113,39,Evil Geniuses,https://steamcdn-a.akamaihd.net/apps/dota2/images/team_logos/39.png
4074694505,FALSE,FALSE,1956,1534994296,9870,The International 2018,113,39,Evil Geniuses,https://steamcdn-a.akamaihd.net/apps/dota2/images/team_logos/39.png
4063359785,FALSE,TRUE,2021,1534448173,9870,The International 2018,113,39,Evil Geniuses,https://steamcdn-a.akamaihd.net/apps/dota2/images/team_logos/39.png
4063299885,TRUE,FALSE,1893,1534444446,9870,The International 2018,113,39,Evil Geniuses,https://steamcdn-a.akamaihd.net/apps/dota2/images/team_logos/39.png
3689133031,FALSE,TRUE,1858,1516434855,8055,Galaxy Battles: Emerging Worlds,151,39,Evil Geniuses,https://steamcdn-a.akamaihd.net/apps/dota2/images/team_logos/39.png
3689045549,TRUE,FALSE,1524,1516431401,8055,Galaxy Battles: Emerging Worlds,154,39,Evil Geniuses,https://steamcdn-a.akamaihd.net/apps/dota2/images/team_logos/39.png
3622964324,TRUE,TRUE,1770,1513460912,5850,Dota Summit 8,111,39,Evil Geniuses,https://steamcdn-a.akamaihd.net/apps/dota2/images/team_logos/39.png
3622880958,FALSE,FALSE,1757,1513457166,5850,Dota Summit 8,112,39,Evil Geniuses,https://steamcdn-a.akamaihd.net/apps/dota2/images/team_logos/39.png
3299741115,FALSE,FALSE,2565,1499489016,5504,2017 Mars Dota 2 League,224,39,Evil Geniuses,https://steamcdn-a.akamaihd.net/apps/dota2/images/team_logos/39.png
3299636632,FALSE,TRUE,3118,1499484254,5504,2017 Mars Dota 2 League,224,39,Evil Geniuses,https://steamcdn-a.akamaihd.net/apps/dota2/images/team_logos/39.png
3299540341,FALSE,FALSE,2534,1499479586,5504,2017 Mars Dota 2 League,224,39,Evil Geniuses,https://steamcdn-a.akamaihd.net/apps/dota2/images/team_logos/39.png
3293480465,FALSE,TRUE,2048,1499220068,5504,2017 Mars Dota 2 League,224,39,Evil Geniuses,https://steamcdn-a.akamaihd.net/apps/dota2/images/team_logos/39.png
3148721353,FALSE,FALSE,3639,1493551978,5157,Kiev Major,135,39,Evil Geniuses,https://steamcdn-a.akamaihd.net/apps/dota2/images/team_logos/39.png
3148575443,TRUE,TRUE,3101,1493547138,5157,Kiev Major,137,39,Evil Geniuses,https://steamcdn-a.akamaihd.net/apps/dota2/images/team_logos/39.png
2933092997,FALSE,TRUE,3055,1485135564,4979,Dota Pit League Season Five,133,39,Evil Geniuses,https://steamcdn-a.akamaihd.net/apps/dota2/images/team_logos/39.png
2932903146,FALSE,TRUE,2292,1485121529,4979,Dota Pit League Season Five,131,39,Evil Geniuses,https://steamcdn-a.akamaihd.net/apps/dota2/images/team_logos/39.png
2932729903,FALSE,TRUE,3179,1485113175,4979,Dota Pit League Season Five,137,39,Evil Geniuses,https://steamcdn-a.akamaihd.net/apps/dota2/images/team_logos/39.png
2932646436,TRUE,TRUE,1990,1485109622,4979,Dota Pit League Season Five,138,39,Evil Geniuses,https://steamcdn-a.akamaihd.net/apps/dota2/images/team_logos/39.png
2932295320,TRUE,FALSE,1294,1485097734,4979,Dota Pit League Season Five,137,39,Evil Geniuses,https://steamcdn-a.akamaihd.net/apps/dota2/images/team_logos/39.png
2932144938,FALSE,TRUE,1988,1485093586,4979,Dota Pit League Season Five,133,39,Evil Geniuses,https://steamcdn-a.akamaihd.net/apps/dota2/images/team_logos/39.png
2836231646,TRUE,TRUE,1817,1481385374,4874,The Fall Major 2016,123,39,Evil Geniuses,https://steamcdn-a.akamaihd.net/apps/dota2/images/team_logos/39.png
2836078773,FALSE,FALSE,1730,1481381939,4874,The Fall Major 2016,122,39,Evil Geniuses,https://steamcdn-a.akamaihd.net/apps/dota2/images/team_logos/39.png
2799103114,TRUE,TRUE,5191,1479962639,4289,Captains Draft 3.0 Presented by DotaCinema & MoonduckTV,111,39,Evil Geniuses,https://steamcdn-a.akamaihd.net/apps/dota2/images/team_logos/39.png
2799046764,TRUE,FALSE,1105,1479959718,4289,Captains Draft 3.0 Presented by DotaCinema & MoonduckTV,112,39,Evil Geniuses,https://steamcdn-a.akamaihd.net/apps/dota2/images/team_logos/39.png
2798856666,TRUE,TRUE,1491,1479947735,4289,Captains Draft 3.0 Presented by DotaCinema & MoonduckTV,112,39,Evil Geniuses,https://steamcdn-a.akamaihd.net/apps/dota2/images/team_logos/39.png
2792518645,FALSE,FALSE,1568,1479672003,4442,The Summit 5,111,39,Evil Geniuses,https://steamcdn-a.akamaihd.net/apps/dota2/images/team_logos/39.png
2792438890,TRUE,TRUE,1995,1479668525,4442,The Summit 5,111,39,Evil Geniuses,https://steamcdn-a.akamaihd.net/apps/dota2/images/team_logos/39.png
2792354133,TRUE,FALSE,1767,1479665268,4442,The Summit 5,111,39,Evil Geniuses,https://steamcdn-a.akamaihd.net/apps/dota2/images/team_logos/39.png
2785448115,TRUE,TRUE,1680,1479432079,4442,The Summit 5,111,39,Evil Geniuses,https://steamcdn-a.akamaihd.net/apps/dota2/images/team_logos/39.png
2785402676,FALSE,FALSE,1640,1479428752,4442,The Summit 5,111,39,Evil Geniuses,https://steamcdn-a.akamaihd.net/apps/dota2/images/team_logos/39.png
2761684165,TRUE,FALSE,1395,1478470418,4289,Captains Draft 3.0 Presented by DotaCinema & MoonduckTV,123,39,Evil Geniuses,https://steamcdn-a.akamaihd.net/apps/dota2/images/team_logos/39.png
2761620508,FALSE,TRUE,2455,1478466674,4289,Captains Draft 3.0 Presented by DotaCinema & MoonduckTV,122,39,Evil Geniuses,https://steamcdn-a.akamaihd.net/apps/dota2/images/team_logos/39.png
2682989099,FALSE,TRUE,2081,1475389577,4918,MarsTV Dota 2 League 2016,224,39,Evil Geniuses,https://steamcdn-a.akamaihd.net/apps/dota2/images/team_logos/39.png
2682879623,FALSE,FALSE,1851,1475385959,4918,MarsTV Dota 2 League 2016,224,39,Evil Geniuses,https://steamcdn-a.akamaihd.net/apps/dota2/images/team_logos/39.png
2682745535,FALSE,TRUE,3267,1475380821,4918,MarsTV Dota 2 League 2016,224,39,Evil Geniuses,https://steamcdn-a.akamaihd.net/apps/dota2/images/team_logos/39.png
2674644594,FALSE,TRUE,1926,1475066413,4918,MarsTV Dota 2 League 2016,224,39,Evil Geniuses,https://steamcdn-a.akamaihd.net/apps/dota2/images/team_logos/39.png
2674540208,TRUE,FALSE,1634,1475063369,4918,MarsTV Dota 2 League 2016,224,39,Evil Geniuses,https://steamcdn-a.akamaihd.net/apps/dota2/images/team_logos/39.png
2674424505,TRUE,TRUE,2375,1475059546,4918,MarsTV Dota 2 League 2016,224,39,Evil Geniuses,https://steamcdn-a.akamaihd.net/apps/dota2/images/team_logos/39.png
2547354532,FALSE,TRUE,1380,1470264653,4664,The International 2016,113,39,Evil Geniuses,https://steamcdn-a.akamaihd.net/apps/dota2/images/team_logos/39.png
2547301927,FALSE,FALSE,2738,1470260666,4664,The International 2016,113,39,Evil Geniuses,https://steamcdn-a.akamaihd.net/apps/dota2/images/team_logos/39.png
2117469845,FALSE,TRUE,1618,1454223873,4301,2015 MarsTV Dota 2 League,224,39,Evil Geniuses,https://steamcdn-a.akamaihd.net/apps/dota2/images/team_logos/39.png
2117383841,FALSE,TRUE,1342,1454221289,4301,2015 MarsTV Dota 2 League,224,39,Evil Geniuses,https://steamcdn-a.akamaihd.net/apps/dota2/images/team_logos/39.png
2107983537,TRUE,TRUE,3054,1453883502,4301,2015 MarsTV Dota 2 League,224,39,Evil Geniuses,https://steamcdn-a.akamaihd.net/apps/dota2/images/team_logos/39.png
2107876927,TRUE,TRUE,2413,1453879401,4301,2015 MarsTV Dota 2 League,224,39,Evil Geniuses,https://steamcdn-a.akamaihd.net/apps/dota2/images/team_logos/39.png
1949769021,TRUE,TRUE,2697,1448107366,3671,Dota 2 Majors EU 2015,138,39,Evil Geniuses,https://steamcdn-a.akamaihd.net/apps/dota2/images/team_logos/39.png
1949609142,TRUE,TRUE,3049,1448102813,3671,Dota 2 Majors EU 2015,133,39,Evil Geniuses,https://steamcdn-a.akamaihd.net/apps/dota2/images/team_logos/39.png
1949504719,TRUE,FALSE,1684,1448099657,3671,Dota 2 Majors EU 2015,133,39,Evil Geniuses,https://steamcdn-a.akamaihd.net/apps/dota2/images/team_logos/39.png
4971649432,FALSE,FALSE,2166,1566039139,10749,The International 2019,308,350190,Fnatic,https://steamcdn-a.akamaihd.net/apps/dota2/images/team_logos/350190.png
4971535610,FALSE,FALSE,2347,1566034607,10749,The International 2019,308,350190,Fnatic,https://steamcdn-a.akamaihd.net/apps/dota2/images/team_logos/350190.png
4720366906,FALSE,FALSE,2191,1556988076,10810,MDL Disneyland® Paris Major,134,350190,Fnatic,https://steamcdn-a.akamaihd.net/apps/dota2/images/team_logos/350190.png
4720148591,FALSE,FALSE,1700,1556984551,10810,MDL Disneyland® Paris Major,132,350190,Fnatic,https://steamcdn-a.akamaihd.net/apps/dota2/images/team_logos/350190.png
4454373838,TRUE,TRUE,1566,1550948412,10424,ESL One Katowice 2019 powered by Intel,134,350190,Fnatic,https://steamcdn-a.akamaihd.net/apps/dota2/images/team_logos/350190.png
4454198059,TRUE,TRUE,2206,1550944073,10424,ESL One Katowice 2019 powered by Intel,134,350190,Fnatic,https://steamcdn-a.akamaihd.net/apps/dota2/images/team_logos/350190.png
4064796732,TRUE,FALSE,2303,1534525730,9870,The International 2018,113,350190,Fnatic,https://steamcdn-a.akamaihd.net/apps/dota2/images/team_logos/350190.png
4064721264,TRUE,TRUE,1740,1534522238,9870,The International 2018,113,350190,Fnatic,https://steamcdn-a.akamaihd.net/apps/dota2/images/team_logos/350190.png
3913692326,TRUE,FALSE,2273,1527272416,9880,ESL One Birmingham 2018 powered by Intel,137,350190,Fnatic,https://steamcdn-a.akamaihd.net/apps/dota2/images/team_logos/350190.png
3913576985,FALSE,TRUE,2472,1527268027,9880,ESL One Birmingham 2018 powered by Intel,138,350190,Fnatic,https://steamcdn-a.akamaihd.net/apps/dota2/images/team_logos/350190.png
3913433059,TRUE,TRUE,2671,1527263346,9880,ESL One Birmingham 2018 powered by Intel,132,350190,Fnatic,https://steamcdn-a.akamaihd.net/apps/dota2/images/team_logos/350190.png
3792442906,FALSE,TRUE,1416,1521628849,9683,Corsair DreamLeague season 9,183,350190,Fnatic,https://steamcdn-a.akamaihd.net/apps/dota2/images/team_logos/350190.png
3792361808,TRUE,FALSE,1907,1521624851,9683,Corsair DreamLeague season 9,184,350190,Fnatic,https://steamcdn-a.akamaihd.net/apps/dota2/images/team_logos/350190.png
3625232006,TRUE,FALSE,2195,1513546039,5850,Dota Summit 8,111,350190,Fnatic,https://steamcdn-a.akamaihd.net/apps/dota2/images/team_logos/350190.png
3625160730,TRUE,FALSE,1745,1513542319,5850,Dota Summit 8,111,350190,Fnatic,https://steamcdn-a.akamaihd.net/apps/dota2/images/team_logos/350190.png
3625065137,TRUE,TRUE,2100,1513538309,5850,Dota Summit 8,111,350190,Fnatic,https://steamcdn-a.akamaihd.net/apps/dota2/images/team_logos/350190.png
3542160201,FALSE,FALSE,1274,1509798784,5690,AMD SAPPHIRE Dota PIT,131,350190,Fnatic,https://steamcdn-a.akamaihd.net/apps/dota2/images/team_logos/350190.png
2502478249,FALSE,FALSE,2487,1468456248,4442,The Summit 5,112,350190,Fnatic,https://steamcdn-a.akamaihd.net/apps/dota2/images/team_logos/350190.png
2502428208,TRUE,FALSE,2642,1468452087,4442,The Summit 5,111,350190,Fnatic,https://steamcdn-a.akamaihd.net/apps/dota2/images/team_logos/350190.png
2502387920,TRUE,TRUE,1918,1468448613,4442,The Summit 5,111,350190,Fnatic,https://steamcdn-a.akamaihd.net/apps/dota2/images/team_logos/350190.png
2197232058,TRUE,FALSE,1750,1457110869,4266,Winter Major 2016,224,350190,Fnatic,https://steamcdn-a.akamaihd.net/apps/dota2/images/team_logos/350190.png
2197006785,TRUE,TRUE,4065,1457105328,4266,Winter Major 2016,224,350190,Fnatic,https://steamcdn-a.akamaihd.net/apps/dota2/images/team_logos/350190.png
2196830083,FALSE,TRUE,2505,1457101512,4266,Winter Major 2016,224,350190,Fnatic,https://steamcdn-a.akamaihd.net/apps/dota2/images/team_logos/350190.png
1940220599,FALSE,FALSE,2184,1447700913,3671,Dota 2 Majors EU 2015,132,350190,Fnatic,https://steamcdn-a.akamaihd.net/apps/dota2/images/team_logos/350190.png
4065084843,TRUE,TRUE,2261,1534542598,9870,The International 2018,113,5,INVICTUS GAMING,https://steamcdn-a.akamaihd.net/apps/dota2/images/team_logos/5.png
4065017593,TRUE,TRUE,2613,1534537990,9870,The International 2018,113,5,INVICTUS GAMING,https://steamcdn-a.akamaihd.net/apps/dota2/images/team_logos/5.png
3888666303,FALSE,TRUE,2411,1526268147,9862,MDL Changsha ,227,5,INVICTUS GAMING,https://steamcdn-a.akamaihd.net/apps/dota2/images/team_logos/5.png
3888582250,FALSE,TRUE,2771,1526263511,9862,MDL Changsha ,227,5,INVICTUS GAMING,https://steamcdn-a.akamaihd.net/apps/dota2/images/team_logos/5.png
3356189302,FALSE,TRUE,2658,1501890649,5401,The International 2017,113,5,INVICTUS GAMING,https://steamcdn-a.akamaihd.net/apps/dota2/images/team_logos/5.png
3356137447,TRUE,TRUE,1875,1501885862,5401,The International 2017,113,5,INVICTUS GAMING,https://steamcdn-a.akamaihd.net/apps/dota2/images/team_logos/5.png
3295721949,FALSE,FALSE,2203,1499317908,5504,2017 Mars Dota 2 League,224,5,INVICTUS GAMING,https://steamcdn-a.akamaihd.net/apps/dota2/images/team_logos/5.png
3137782735,FALSE,TRUE,2787,1493043387,5157,Kiev Major,134,5,INVICTUS GAMING,https://steamcdn-a.akamaihd.net/apps/dota2/images/team_logos/5.png
3137643518,TRUE,FALSE,2467,1493039028,5157,Kiev Major,137,5,INVICTUS GAMING,https://steamcdn-a.akamaihd.net/apps/dota2/images/team_logos/5.png
3097263923,TRUE,FALSE,2306,1491295370,5197,Dota 2 Asia Championships 2017,224,5,INVICTUS GAMING,https://steamcdn-a.akamaihd.net/apps/dota2/images/team_logos/5.png
3097156080,FALSE,TRUE,1859,1491291102,5197,Dota 2 Asia Championships 2017,224,5,INVICTUS GAMING,https://steamcdn-a.akamaihd.net/apps/dota2/images/team_logos/5.png
3097027819,TRUE,FALSE,3800,1491285612,5197,Dota 2 Asia Championships 2017,224,5,INVICTUS GAMING,https://steamcdn-a.akamaihd.net/apps/dota2/images/team_logos/5.png
3095239462,FALSE,FALSE,3214,1491207649,5197,Dota 2 Asia Championships 2017,224,5,INVICTUS GAMING,https://steamcdn-a.akamaihd.net/apps/dota2/images/team_logos/5.png
3095178259,FALSE,TRUE,1418,1491205303,5197,Dota 2 Asia Championships 2017,224,5,INVICTUS GAMING,https://steamcdn-a.akamaihd.net/apps/dota2/images/team_logos/5.png
3095014807,FALSE,FALSE,3428,1491198464,5197,Dota 2 Asia Championships 2017,224,5,INVICTUS GAMING,https://steamcdn-a.akamaihd.net/apps/dota2/images/team_logos/5.png
2927955175,TRUE,TRUE,2319,1484932335,4979,Dota Pit League Season Five,135,5,INVICTUS GAMING,https://steamcdn-a.akamaihd.net/apps/dota2/images/team_logos/5.png
2927799177,TRUE,TRUE,2924,1484927487,4979,Dota Pit League Season Five,135,5,INVICTUS GAMING,https://steamcdn-a.akamaihd.net/apps/dota2/images/team_logos/5.png
2927599290,TRUE,FALSE,3194,1484921915,4979,Dota Pit League Season Five,134,5,INVICTUS GAMING,https://steamcdn-a.akamaihd.net/apps/dota2/images/team_logos/5.png
4439198692,FALSE,FALSE,2611,1550586678,10424,ESL One Katowice 2019 powered by Intel,133,543897,Mineski,https://steamcdn-a.akamaihd.net/apps/dota2/images/team_logos/543897.png
4438925929,TRUE,TRUE,1466,1550583330,10424,ESL One Katowice 2019 powered by Intel,137,543897,Mineski,https://steamcdn-a.akamaihd.net/apps/dota2/images/team_logos/543897.png
4063558826,TRUE,TRUE,2967,1534463941,9870,The International 2018,113,543897,Mineski,https://steamcdn-a.akamaihd.net/apps/dota2/images/team_logos/543897.png
4063518923,TRUE,TRUE,1675,1534460330,9870,The International 2018,113,543897,Mineski,https://steamcdn-a.akamaihd.net/apps/dota2/images/team_logos/543897.png
3891117294,FALSE,FALSE,2860,1526363888,9862,MDL Changsha ,227,543897,Mineski,https://steamcdn-a.akamaihd.net/apps/dota2/images/team_logos/543897.png
3891024973,TRUE,TRUE,2344,1526359806,9862,MDL Changsha ,227,543897,Mineski,https://steamcdn-a.akamaihd.net/apps/dota2/images/team_logos/543897.png
3768435440,FALSE,FALSE,2805,1520422195,9584,PGL BUCHAREST MAJOR 2018,135,543897,Mineski,https://steamcdn-a.akamaihd.net/apps/dota2/images/team_logos/543897.png
3745654838,FALSE,FALSE,2517,1519227618,9633,ESL One Katowice 2018 powered by Intel,133,543897,Mineski,https://steamcdn-a.akamaihd.net/apps/dota2/images/team_logos/543897.png
3745532996,FALSE,TRUE,2974,1519222753,9633,ESL One Katowice 2018 powered by Intel,135,543897,Mineski,https://steamcdn-a.akamaihd.net/apps/dota2/images/team_logos/543897.png
3745429518,FALSE,FALSE,1908,1519218749,9633,ESL One Katowice 2018 powered by Intel,136,543897,Mineski,https://steamcdn-a.akamaihd.net/apps/dota2/images/team_logos/543897.png
1991188850,FALSE,FALSE,1802,1449688825,3781,The Summit 4,111,543897,Mineski,https://steamcdn-a.akamaihd.net/apps/dota2/images/team_logos/543897.png
1991112163,TRUE,TRUE,1253,1449685865,3781,The Summit 4,111,543897,Mineski,https://steamcdn-a.akamaihd.net/apps/dota2/images/team_logos/543897.png
1943130017,TRUE,TRUE,1818,1447843151,3671,Dota 2 Majors EU 2015,133,543897,Mineski,https://steamcdn-a.akamaihd.net/apps/dota2/images/team_logos/543897.png
1943053613,FALSE,FALSE,1658,1447840146,3671,Dota 2 Majors EU 2015,132,543897,Mineski,https://steamcdn-a.akamaihd.net/apps/dota2/images/team_logos/543897.png
2829954318,FALSE,FALSE,1907,1481161727,4874,The Fall Major 2016,122,1148284,MVP Phoenix,https://steamcdn-a.akamaihd.net/apps/dota2/images/team_logos/1148284.png
2829894984,FALSE,FALSE,2392,1481157539,4874,The Fall Major 2016,123,1148284,MVP Phoenix,https://steamcdn-a.akamaihd.net/apps/dota2/images/team_logos/1148284.png
2558113366,FALSE,TRUE,1847,1470687250,4664,The International 2016,113,1148284,MVP Phoenix,https://steamcdn-a.akamaihd.net/apps/dota2/images/team_logos/1148284.png
2558033556,FALSE,FALSE,2601,1470683069,4664,The International 2016,113,1148284,MVP Phoenix,https://steamcdn-a.akamaihd.net/apps/dota2/images/team_logos/1148284.png
2557955371,TRUE,FALSE,2346,1470679251,4664,The International 2016,113,1148284,MVP Phoenix,https://steamcdn-a.akamaihd.net/apps/dota2/images/team_logos/1148284.png
2423509445,FALSE,FALSE,1547,1465465583,4479,The Manila Major 2016,154,1148284,MVP Phoenix,https://steamcdn-a.akamaihd.net/apps/dota2/images/team_logos/1148284.png
2423400514,TRUE,TRUE,1893,1465462167,4479,The Manila Major 2016,155,1148284,MVP Phoenix,https://steamcdn-a.akamaihd.net/apps/dota2/images/team_logos/1148284.png
2296159612,FALSE,FALSE,2235,1460722802,4579,SL i-League Invitational Season 1,132,1148284,MVP Phoenix,https://steamcdn-a.akamaihd.net/apps/dota2/images/team_logos/1148284.png
2296020893,TRUE,TRUE,2394,1460718852,4579,SL i-League Invitational Season 1,138,1148284,MVP Phoenix,https://steamcdn-a.akamaihd.net/apps/dota2/images/team_logos/1148284.png
2234307020,FALSE,TRUE,1791,1458405368,4210,Dota Pit League Season Four,138,1148284,MVP Phoenix,https://steamcdn-a.akamaihd.net/apps/dota2/images/team_logos/1148284.png
2234172489,TRUE,TRUE,1382,1458402275,4210,Dota Pit League Season Four,133,1148284,MVP Phoenix,https://steamcdn-a.akamaihd.net/apps/dota2/images/team_logos/1148284.png
2233998262,FALSE,TRUE,2247,1458398528,4210,Dota Pit League Season Four,134,1148284,MVP Phoenix,https://steamcdn-a.akamaihd.net/apps/dota2/images/team_logos/1148284.png
4967784803,TRUE,FALSE,2655,1565848966,10749,The International 2019,308,36,Natus Vincere,https://steamcdn-a.akamaihd.net/apps/dota2/images/team_logos/36.png
4967721543,FALSE,FALSE,2353,1565844748,10749,The International 2019,308,36,Natus Vincere,https://steamcdn-a.akamaihd.net/apps/dota2/images/team_logos/36.png
3855045406,FALSE,FALSE,2315,1524928339,9601,EPICENTER XL,187,36,Natus Vincere,https://steamcdn-a.akamaihd.net/apps/dota2/images/team_logos/36.png
3854928326,TRUE,TRUE,1901,1524924652,9601,EPICENTER XL,188,36,Natus Vincere,https://steamcdn-a.akamaihd.net/apps/dota2/images/team_logos/36.png
3764167820,FALSE,FALSE,2728,1520174478,9584,PGL BUCHAREST MAJOR 2018,135,36,Natus Vincere,https://steamcdn-a.akamaihd.net/apps/dota2/images/team_logos/36.png
3609225559,FALSE,FALSE,2265,1512881903,5504,2017 Mars Dota 2 League,223,36,Natus Vincere,https://steamcdn-a.akamaihd.net/apps/dota2/images/team_logos/36.png
3609079759,TRUE,TRUE,3766,1512875834,5504,2017 Mars Dota 2 League,155,36,Natus Vincere,https://steamcdn-a.akamaihd.net/apps/dota2/images/team_logos/36.png
3605319407,FALSE,FALSE,2624,1512719292,5504,2017 Mars Dota 2 League,153,36,Natus Vincere,https://steamcdn-a.akamaihd.net/apps/dota2/images/team_logos/36.png
3565732649,TRUE,FALSE,2388,1510866000,5627,DreamLeague season 8,133,36,Natus Vincere,https://steamcdn-a.akamaihd.net/apps/dota2/images/team_logos/36.png
3565640271,FALSE,FALSE,2487,1510861593,5627,DreamLeague season 8,137,36,Natus Vincere,https://steamcdn-a.akamaihd.net/apps/dota2/images/team_logos/36.png
3226648144,TRUE,TRUE,3052,1496666366,5353,EPICENTER: Moscow Season 2,188,36,Natus Vincere,https://steamcdn-a.akamaihd.net/apps/dota2/images/team_logos/36.png
3226506568,FALSE,FALSE,1946,1496661942,5353,EPICENTER: Moscow Season 2,181,36,Natus Vincere,https://steamcdn-a.akamaihd.net/apps/dota2/images/team_logos/36.png
2551241703,TRUE,TRUE,2622,1470425797,4664,The International 2016,113,36,Natus Vincere,https://steamcdn-a.akamaihd.net/apps/dota2/images/team_logos/36.png
2551170074,TRUE,TRUE,1893,1470422574,4664,The International 2016,113,36,Natus Vincere,https://steamcdn-a.akamaihd.net/apps/dota2/images/team_logos/36.png
2448310164,TRUE,TRUE,2814,1466360593,4554,ESL One Frankfurt 2016,134,36,Natus Vincere,https://steamcdn-a.akamaihd.net/apps/dota2/images/team_logos/36.png
2448201980,TRUE,TRUE,1899,1466356752,4554,ESL One Frankfurt 2016,132,36,Natus Vincere,https://steamcdn-a.akamaihd.net/apps/dota2/images/team_logos/36.png
2448082522,FALSE,FALSE,1969,1466352896,4554,ESL One Frankfurt 2016,136,36,Natus Vincere,https://steamcdn-a.akamaihd.net/apps/dota2/images/team_logos/36.png
2442689934,FALSE,FALSE,2142,1466172482,4554,ESL One Frankfurt 2016,137,36,Natus Vincere,https://steamcdn-a.akamaihd.net/apps/dota2/images/team_logos/36.png
2418664928,FALSE,FALSE,2363,1465283838,4479,The Manila Major 2016,155,36,Natus Vincere,https://steamcdn-a.akamaihd.net/apps/dota2/images/team_logos/36.png
2418580528,FALSE,FALSE,2043,1465280391,4479,The Manila Major 2016,156,36,Natus Vincere,https://steamcdn-a.akamaihd.net/apps/dota2/images/team_logos/36.png
2381980118,TRUE,TRUE,2978,1463934304,4507,DreamLeague Season 5,185,36,Natus Vincere,https://steamcdn-a.akamaihd.net/apps/dota2/images/team_logos/36.png
2381831351,FALSE,FALSE,2211,1463930407,4507,DreamLeague Season 5,185,36,Natus Vincere,https://steamcdn-a.akamaihd.net/apps/dota2/images/team_logos/36.png
2381687924,TRUE,TRUE,1611,1463927049,4507,DreamLeague Season 5,184,36,Natus Vincere,https://steamcdn-a.akamaihd.net/apps/dota2/images/team_logos/36.png
2379622728,FALSE,FALSE,2465,1463860254,4507,DreamLeague Season 5,182,36,Natus Vincere,https://steamcdn-a.akamaihd.net/apps/dota2/images/team_logos/36.png
2379473270,FALSE,TRUE,2403,1463855404,4507,DreamLeague Season 5,188,36,Natus Vincere,https://steamcdn-a.akamaihd.net/apps/dota2/images/team_logos/36.png
2379320481,FALSE,FALSE,2552,1463851204,4507,DreamLeague Season 5,186,36,Natus Vincere,https://steamcdn-a.akamaihd.net/apps/dota2/images/team_logos/36.png
2294902048,TRUE,FALSE,2101,1460661834,4579,SL i-League Invitational Season 1,135,36,Natus Vincere,https://steamcdn-a.akamaihd.net/apps/dota2/images/team_logos/36.png
2294816926,FALSE,FALSE,1947,1460658212,4579,SL i-League Invitational Season 1,138,36,Natus Vincere,https://steamcdn-a.akamaihd.net/apps/dota2/images/team_logos/36.png
2294692603,FALSE,TRUE,2770,1460653539,4579,SL i-League Invitational Season 1,136,36,Natus Vincere,https://steamcdn-a.akamaihd.net/apps/dota2/images/team_logos/36.png
1972824031,TRUE,FALSE,3349,1448983577,3902,StarLadder | i-League,133,36,Natus Vincere,https://steamcdn-a.akamaihd.net/apps/dota2/images/team_logos/36.png
1972685076,FALSE,TRUE,2761,1448979671,3902,StarLadder | i-League,133,36,Natus Vincere,https://steamcdn-a.akamaihd.net/apps/dota2/images/team_logos/36.png
1972514674,FALSE,FALSE,3348,1448975047,3902,StarLadder | i-League,133,36,Natus Vincere,https://steamcdn-a.akamaihd.net/apps/dota2/images/team_logos/36.png
1919071372,TRUE,TRUE,1759,1446848103,3902,StarLadder | i-League,133,36,Natus Vincere,https://steamcdn-a.akamaihd.net/apps/dota2/images/team_logos/36.png
1918959324,FALSE,FALSE,4094,1446842491,3902,StarLadder | i-League,133,36,Natus Vincere,https://steamcdn-a.akamaihd.net/apps/dota2/images/team_logos/36.png
1918839537,FALSE,TRUE,3439,1446837659,3902,StarLadder | i-League,132,36,Natus Vincere,https://steamcdn-a.akamaihd.net/apps/dota2/images/team_logos/36.png
4978435281,FALSE,FALSE,2053,1566357766,10749,The International 2019,308,6214538,Newbee,https://steamcdn-a.akamaihd.net/apps/dota2/images/team_logos/6214538.png
4978383071,FALSE,FALSE,1653,1566353896,10749,The International 2019,308,6214538,Newbee,https://steamcdn-a.akamaihd.net/apps/dota2/images/team_logos/6214538.png
4791944568,FALSE,FALSE,847,1559055535,10725,ESL One Birmingham 2019 powered by Intel,136,6214538,Newbee,https://steamcdn-a.akamaihd.net/apps/dota2/images/team_logos/6214538.png
4791751224,TRUE,TRUE,3200,1559050396,10725,ESL One Birmingham 2019 powered by Intel,135,6214538,Newbee,https://steamcdn-a.akamaihd.net/apps/dota2/images/team_logos/6214538.png
4442722743,TRUE,FALSE,2994,1550674101,10424,ESL One Katowice 2019 powered by Intel,131,6214538,Newbee,https://steamcdn-a.akamaihd.net/apps/dota2/images/team_logos/6214538.png
4442437455,TRUE,TRUE,1759,1550670300,10424,ESL One Katowice 2019 powered by Intel,135,6214538,Newbee,https://steamcdn-a.akamaihd.net/apps/dota2/images/team_logos/6214538.png
3898179475,TRUE,FALSE,1874,1526641717,9862,MDL Changsha ,227,1375614,Newbee,https://steamcdn-a.akamaihd.net/apps/dota2/images/team_logos/1375614.png
3898052688,FALSE,TRUE,2245,1526637585,9862,MDL Changsha ,227,1375614,Newbee,https://steamcdn-a.akamaihd.net/apps/dota2/images/team_logos/1375614.png
3862262314,FALSE,TRUE,2375,1525264014,9601,EPICENTER XL,188,1375614,Newbee,https://steamcdn-a.akamaihd.net/apps/dota2/images/team_logos/1375614.png
3862135578,TRUE,FALSE,2352,1525259748,9601,EPICENTER XL,186,1375614,Newbee,https://steamcdn-a.akamaihd.net/apps/dota2/images/team_logos/1375614.png
3862035677,TRUE,TRUE,1924,1525256084,9601,EPICENTER XL,182,1375614,Newbee,https://steamcdn-a.akamaihd.net/apps/dota2/images/team_logos/1375614.png
3808649092,TRUE,FALSE,2502,1522476239,9643,Dota2 Asia Championships 2018,223,1375614,Newbee,https://steamcdn-a.akamaihd.net/apps/dota2/images/team_logos/1375614.png
3795857405,FALSE,TRUE,2675,1521811801,9683,Corsair DreamLeague season 9,185,1375614,Newbee,https://steamcdn-a.akamaihd.net/apps/dota2/images/team_logos/1375614.png
3795753791,TRUE,FALSE,1733,1521808199,9683,Corsair DreamLeague season 9,183,1375614,Newbee,https://steamcdn-a.akamaihd.net/apps/dota2/images/team_logos/1375614.png
3765600224,FALSE,TRUE,2083,1520256242,9584,PGL BUCHAREST MAJOR 2018,133,1375614,Newbee,https://steamcdn-a.akamaihd.net/apps/dota2/images/team_logos/1375614.png
3542603444,TRUE,FALSE,2578,1509809766,5690,AMD SAPPHIRE Dota PIT,138,1375614,Newbee,https://steamcdn-a.akamaihd.net/apps/dota2/images/team_logos/1375614.png
3353852872,FALSE,FALSE,2208,1501781213,5401,The International 2017,113,1375614,Newbee,https://steamcdn-a.akamaihd.net/apps/dota2/images/team_logos/1375614.png
3353737069,TRUE,FALSE,3432,1501776112,5401,The International 2017,113,1375614,Newbee,https://steamcdn-a.akamaihd.net/apps/dota2/images/team_logos/1375614.png
3300913642,TRUE,FALSE,4152,1499524806,5504,2017 Mars Dota 2 League,224,1375614,Newbee,https://steamcdn-a.akamaihd.net/apps/dota2/images/team_logos/1375614.png
3300751087,FALSE,TRUE,2552,1499520658,5504,2017 Mars Dota 2 League,224,1375614,Newbee,https://steamcdn-a.akamaihd.net/apps/dota2/images/team_logos/1375614.png
3295538121,FALSE,FALSE,1500,1499307305,5504,2017 Mars Dota 2 League,224,1375614,Newbee,https://steamcdn-a.akamaihd.net/apps/dota2/images/team_logos/1375614.png
3203120505,TRUE,FALSE,1927,1495714433,5313,Masters Manila 2017,151,1375614,Newbee,https://steamcdn-a.akamaihd.net/apps/dota2/images/team_logos/1375614.png
3203009550,TRUE,FALSE,2184,1495710698,5313,Masters Manila 2017,154,1375614,Newbee,https://steamcdn-a.akamaihd.net/apps/dota2/images/team_logos/1375614.png
3090381445,TRUE,TRUE,2926,1491018213,5197,Dota 2 Asia Championships 2017,224,1375614,Newbee,https://steamcdn-a.akamaihd.net/apps/dota2/images/team_logos/1375614.png
3090280204,FALSE,FALSE,3429,1491012633,5197,Dota 2 Asia Championships 2017,224,1375614,Newbee,https://steamcdn-a.akamaihd.net/apps/dota2/images/team_logos/1375614.png
2677941169,TRUE,FALSE,1974,1475209846,4918,MarsTV Dota 2 League 2016,224,1375614,Newbee,https://steamcdn-a.akamaihd.net/apps/dota2/images/team_logos/1375614.png
2677868731,FALSE,TRUE,2118,1475205998,4918,MarsTV Dota 2 League 2016,224,1375614,Newbee,https://steamcdn-a.akamaihd.net/apps/dota2/images/team_logos/1375614.png
2677795728,FALSE,FALSE,2114,1475201897,4918,MarsTV Dota 2 League 2016,224,1375614,Newbee,https://steamcdn-a.akamaihd.net/apps/dota2/images/team_logos/1375614.png
2428159350,TRUE,TRUE,2713,1465632003,4479,The Manila Major 2016,152,1375614,Newbee,https://steamcdn-a.akamaihd.net/apps/dota2/images/team_logos/1375614.png
2428046296,TRUE,TRUE,1941,1465628305,4479,The Manila Major 2016,152,1375614,Newbee,https://steamcdn-a.akamaihd.net/apps/dota2/images/team_logos/1375614.png
2427950507,FALSE,TRUE,1695,1465624956,4479,The Manila Major 2016,153,1375614,Newbee,https://steamcdn-a.akamaihd.net/apps/dota2/images/team_logos/1375614.png
2408813096,TRUE,FALSE,1723,1464931724,4479,The Manila Major 2016,154,1375614,Newbee,https://steamcdn-a.akamaihd.net/apps/dota2/images/team_logos/1375614.png
2408737158,FALSE,TRUE,2130,1464928014,4479,The Manila Major 2016,154,1375614,Newbee,https://steamcdn-a.akamaihd.net/apps/dota2/images/team_logos/1375614.png
2365122870,FALSE,TRUE,1789,1463316029,4461,EPICENTER: Moscow,182,1375614,Newbee,https://steamcdn-a.akamaihd.net/apps/dota2/images/team_logos/1375614.png
2364934706,FALSE,TRUE,3121,1463311131,4461,EPICENTER: Moscow,186,1375614,Newbee,https://steamcdn-a.akamaihd.net/apps/dota2/images/team_logos/1375614.png
2364761262,TRUE,TRUE,3137,1463306287,4461,EPICENTER: Moscow,187,1375614,Newbee,https://steamcdn-a.akamaihd.net/apps/dota2/images/team_logos/1375614.png
2358060936,TRUE,TRUE,1804,1463067481,4461,EPICENTER: Moscow,132,1375614,Newbee,https://steamcdn-a.akamaihd.net/apps/dota2/images/team_logos/1375614.png
2357832186,FALSE,TRUE,3958,1463061312,4461,EPICENTER: Moscow,137,1375614,Newbee,https://steamcdn-a.akamaihd.net/apps/dota2/images/team_logos/1375614.png
2357638993,TRUE,TRUE,2927,1463056264,4461,EPICENTER: Moscow,131,1375614,Newbee,https://steamcdn-a.akamaihd.net/apps/dota2/images/team_logos/1375614.png
2109725036,FALSE,FALSE,867,1453956403,4301,2015 MarsTV Dota 2 League,224,1375614,Newbee,https://steamcdn-a.akamaihd.net/apps/dota2/images/team_logos/1375614.png
2109659438,FALSE,FALSE,2655,1453951769,4301,2015 MarsTV Dota 2 League,224,1375614,Newbee,https://steamcdn-a.akamaihd.net/apps/dota2/images/team_logos/1375614.png
4969485474,FALSE,FALSE,1801,1565939858,10749,The International 2019,308,6214973,Ninjas in Pyjamas,https://steamusercontent-a.akamaihd.net/ugc/939457282117079692/28F558E0F2E7BD190435810894A08D2E331CE0EF/
4969405883,FALSE,FALSE,2472,1565935288,10749,The International 2019,308,6214973,Ninjas in Pyjamas,https://steamusercontent-a.akamaihd.net/ugc/939457282117079692/28F558E0F2E7BD190435810894A08D2E331CE0EF/
4791484558,TRUE,TRUE,1640,1559045470,10725,ESL One Birmingham 2019 powered by Intel,138,6214973,Ninjas in Pyjamas,https://steamusercontent-a.akamaihd.net/ugc/939457282117079692/28F558E0F2E7BD190435810894A08D2E331CE0EF/
4791300748,FALSE,TRUE,2306,1559041227,10725,ESL One Birmingham 2019 powered by Intel,133,6214973,Ninjas in Pyjamas,https://steamusercontent-a.akamaihd.net/ugc/939457282117079692/28F558E0F2E7BD190435810894A08D2E331CE0EF/
4762564923,FALSE,FALSE,2410,1558185016,10826,EPICENTER Major 2019,131,6214973,Ninjas in Pyjamas,https://steamusercontent-a.akamaihd.net/ugc/939457282117079692/28F558E0F2E7BD190435810894A08D2E331CE0EF/
4762311313,TRUE,TRUE,2054,1558180956,10826,EPICENTER Major 2019,134,6214973,Ninjas in Pyjamas,https://steamusercontent-a.akamaihd.net/ugc/939457282117079692/28F558E0F2E7BD190435810894A08D2E331CE0EF/
4756613530,TRUE,FALSE,1709,1558012476,10826,EPICENTER Major 2019,131,6214973,Ninjas in Pyjamas,https://steamusercontent-a.akamaihd.net/ugc/939457282117079692/28F558E0F2E7BD190435810894A08D2E331CE0EF/
4450420841,FALSE,FALSE,1626,1550872259,10424,ESL One Katowice 2019 powered by Intel,137,6214973,Ninjas in Pyjamas,https://steamusercontent-a.akamaihd.net/ugc/939457282117079692/28F558E0F2E7BD190435810894A08D2E331CE0EF/
4450324880,TRUE,TRUE,1878,1550868395,10424,ESL One Katowice 2019 powered by Intel,133,6214973,Ninjas in Pyjamas,https://steamusercontent-a.akamaihd.net/ugc/939457282117079692/28F558E0F2E7BD190435810894A08D2E331CE0EF/
4450172835,TRUE,FALSE,2085,1550863218,10424,ESL One Katowice 2019 powered by Intel,138,6214973,Ninjas in Pyjamas,https://steamusercontent-a.akamaihd.net/ugc/939457282117079692/28F558E0F2E7BD190435810894A08D2E331CE0EF/
4393899775,TRUE,FALSE,2495,1549386014,10681,DreamLeague Season 11,131,6214973,Ninjas in Pyjamas,https://steamusercontent-a.akamaihd.net/ugc/939457282117079692/28F558E0F2E7BD190435810894A08D2E331CE0EF/
4393662926,TRUE,FALSE,3232,1549380492,10681,DreamLeague Season 11,135,6214973,Ninjas in Pyjamas,https://steamusercontent-a.akamaihd.net/ugc/939457282117079692/28F558E0F2E7BD190435810894A08D2E331CE0EF/
4329424310,TRUE,FALSE,2185,1547299482,10452,The Bucharest Minor 2019,138,6214973,Ninjas in Pyjamas,https://steamusercontent-a.akamaihd.net/ugc/939457282117079692/28F558E0F2E7BD190435810894A08D2E331CE0EF/
4329276408,FALSE,TRUE,1989,1547295926,10452,The Bucharest Minor 2019,131,6214973,Ninjas in Pyjamas,https://steamusercontent-a.akamaihd.net/ugc/939457282117079692/28F558E0F2E7BD190435810894A08D2E331CE0EF/
4329131044,FALSE,FALSE,1485,1547292028,10452,The Bucharest Minor 2019,136,6214973,Ninjas in Pyjamas,https://steamusercontent-a.akamaihd.net/ugc/939457282117079692/28F558E0F2E7BD190435810894A08D2E331CE0EF/
4254428768,TRUE,TRUE,1332,1543936634,10452,The Bucharest Minor 2019,136,6214973,Ninjas in Pyjamas,https://steamusercontent-a.akamaihd.net/ugc/939457282117079692/28F558E0F2E7BD190435810894A08D2E331CE0EF/
4254301154,FALSE,FALSE,2806,1543932150,10452,The Bucharest Minor 2019,136,6214973,Ninjas in Pyjamas,https://steamusercontent-a.akamaihd.net/ugc/939457282117079692/28F558E0F2E7BD190435810894A08D2E331CE0EF/
4983800597,TRUE,TRUE,2509,1566629148,10749,The International 2019,308,15,PSG.LGD,https://steamcdn-a.akamaihd.net/apps/dota2/images/team_logos/15.png
4983729131,FALSE,FALSE,1347,1566625885,10749,The International 2019,308,15,PSG.LGD,https://steamcdn-a.akamaihd.net/apps/dota2/images/team_logos/15.png
4983628610,FALSE,TRUE,2687,1566620355,10749,The International 2019,308,15,PSG.LGD,https://steamcdn-a.akamaihd.net/apps/dota2/images/team_logos/15.png
4870161807,TRUE,FALSE,2145,1561718859,10826,EPICENTER Major 2019,183,15,PSG.LGD,https://steamcdn-a.akamaihd.net/apps/dota2/images/team_logos/15.png
4870027903,FALSE,TRUE,2618,1561714086,10826,EPICENTER Major 2019,187,15,PSG.LGD,https://steamcdn-a.akamaihd.net/apps/dota2/images/team_logos/15.png
4860268240,FALSE,TRUE,1826,1561302179,10826,EPICENTER Major 2019,184,15,PSG.LGD,https://steamcdn-a.akamaihd.net/apps/dota2/images/team_logos/15.png
4860113255,FALSE,TRUE,1901,1561298347,10826,EPICENTER Major 2019,138,15,PSG.LGD,https://steamcdn-a.akamaihd.net/apps/dota2/images/team_logos/15.png
4080856812,FALSE,FALSE,2188,1535249730,9870,The International 2018,113,15,PSG.LGD,https://steamcdn-a.akamaihd.net/apps/dota2/images/team_logos/15.png
4080778303,FALSE,FALSE,3921,1535243738,9870,The International 2018,113,15,PSG.LGD,https://steamcdn-a.akamaihd.net/apps/dota2/images/team_logos/15.png
4080723031,FALSE,TRUE,2066,1535239468,9870,The International 2018,113,15,PSG.LGD,https://steamcdn-a.akamaihd.net/apps/dota2/images/team_logos/15.png
4080666526,TRUE,FALSE,2285,1535235390,9870,The International 2018,113,15,PSG.LGD,https://steamcdn-a.akamaihd.net/apps/dota2/images/team_logos/15.png
4080601137,TRUE,TRUE,2078,1535231302,9870,The International 2018,113,15,PSG.LGD,https://steamcdn-a.akamaihd.net/apps/dota2/images/team_logos/15.png
4078412913,TRUE,TRUE,3489,1535152122,9870,The International 2018,113,15,PSG.LGD,https://steamcdn-a.akamaihd.net/apps/dota2/images/team_logos/15.png
4078363316,FALSE,TRUE,2222,1535148299,9870,The International 2018,113,15,PSG.LGD,https://steamcdn-a.akamaihd.net/apps/dota2/images/team_logos/15.png
4078291886,FALSE,FALSE,2935,1535143603,9870,The International 2018,113,15,PSG.LGD,https://steamcdn-a.akamaihd.net/apps/dota2/images/team_logos/15.png
4061721528,TRUE,TRUE,2810,1534352908,9870,The International 2018,113,15,PSG.LGD,https://steamcdn-a.akamaihd.net/apps/dota2/images/team_logos/15.png
4061671194,FALSE,TRUE,1735,1534349467,9870,The International 2018,113,15,PSG.LGD,https://steamcdn-a.akamaihd.net/apps/dota2/images/team_logos/15.png
3810503944,FALSE,FALSE,2940,1522558754,9643,Dota2 Asia Championships 2018,223,15,PSG.LGD,https://steamcdn-a.akamaihd.net/apps/dota2/images/team_logos/15.png
3607511920,TRUE,TRUE,2073,1512814073,5504,2017 Mars Dota 2 League,153,15,PSG.LGD,https://steamcdn-a.akamaihd.net/apps/dota2/images/team_logos/15.png
3368083254,TRUE,FALSE,2690,1502399411,5401,The International 2017,111,15,PSG.LGD,https://steamcdn-a.akamaihd.net/apps/dota2/images/team_logos/15.png
3367983348,TRUE,FALSE,3327,1502393943,5401,The International 2017,111,15,PSG.LGD,https://steamcdn-a.akamaihd.net/apps/dota2/images/team_logos/15.png
3297677969,TRUE,FALSE,2715,1499400292,5504,2017 Mars Dota 2 League,224,15,PSG.LGD,https://steamcdn-a.akamaihd.net/apps/dota2/images/team_logos/15.png
3297590251,TRUE,FALSE,2125,1499395199,5504,2017 Mars Dota 2 League,224,15,PSG.LGD,https://steamcdn-a.akamaihd.net/apps/dota2/images/team_logos/15.png
3293754225,FALSE,TRUE,2473,1499234996,5504,2017 Mars Dota 2 League,224,15,PSG.LGD,https://steamcdn-a.akamaihd.net/apps/dota2/images/team_logos/15.png
2547040899,TRUE,TRUE,3529,1470246725,4664,The International 2016,113,15,PSG.LGD,https://steamcdn-a.akamaihd.net/apps/dota2/images/team_logos/15.png
2546940273,TRUE,FALSE,3084,1470242069,4664,The International 2016,113,15,PSG.LGD,https://steamcdn-a.akamaihd.net/apps/dota2/images/team_logos/15.png
2182047120,TRUE,TRUE,2362,1456571683,4266,Winter Major 2016,224,15,PSG.LGD,https://steamcdn-a.akamaihd.net/apps/dota2/images/team_logos/15.png
2181823003,TRUE,FALSE,4547,1456565203,4266,Winter Major 2016,224,15,PSG.LGD,https://steamcdn-a.akamaihd.net/apps/dota2/images/team_logos/15.png
2181696818,FALSE,FALSE,1903,1456561593,4266,Winter Major 2016,224,15,PSG.LGD,https://steamcdn-a.akamaihd.net/apps/dota2/images/team_logos/15.png
2112955180,TRUE,TRUE,3858,1454074061,4301,2015 MarsTV Dota 2 League,224,15,PSG.LGD,https://steamcdn-a.akamaihd.net/apps/dota2/images/team_logos/15.png
2112812155,TRUE,TRUE,1569,1454070736,4301,2015 MarsTV Dota 2 League,224,15,PSG.LGD,https://steamcdn-a.akamaihd.net/apps/dota2/images/team_logos/15.png
3484832389,FALSE,FALSE,2284,1507226100,5336,DreamLeague season 7,135,46,Team Empire,https://steamcdn-a.akamaihd.net/apps/dota2/images/team_logos/46.png
3484711206,FALSE,FALSE,2894,1507221366,5336,DreamLeague season 7,131,46,Team Empire,https://steamcdn-a.akamaihd.net/apps/dota2/images/team_logos/46.png
3082703686,FALSE,FALSE,3044,1490685210,5197,Dota 2 Asia Championships 2017,224,46,Team Empire,https://steamcdn-a.akamaihd.net/apps/dota2/images/team_logos/46.png
3082612437,TRUE,TRUE,2390,1490681243,5197,Dota 2 Asia Championships 2017,224,46,Team Empire,https://steamcdn-a.akamaihd.net/apps/dota2/images/team_logos/46.png
2409393490,TRUE,TRUE,1272,1464952464,4479,The Manila Major 2016,155,46,Team Empire,https://steamcdn-a.akamaihd.net/apps/dota2/images/team_logos/46.png
2409298043,FALSE,FALSE,1488,1464949465,4479,The Manila Major 2016,156,46,Team Empire,https://steamcdn-a.akamaihd.net/apps/dota2/images/team_logos/46.png
2409156577,FALSE,TRUE,3177,1464944740,4479,The Manila Major 2016,152,46,Team Empire,https://steamcdn-a.akamaihd.net/apps/dota2/images/team_logos/46.png
2408658682,TRUE,TRUE,2217,1464923563,4479,The Manila Major 2016,152,46,Team Empire,https://steamcdn-a.akamaihd.net/apps/dota2/images/team_logos/46.png
2408596812,FALSE,FALSE,2529,1464919663,4479,The Manila Major 2016,156,46,Team Empire,https://steamcdn-a.akamaihd.net/apps/dota2/images/team_logos/46.png
1966694893,FALSE,FALSE,1803,1448741714,3865,ASUS ROG DreamLeague Season 4,187,46,Team Empire,https://steamcdn-a.akamaihd.net/apps/dota2/images/team_logos/46.png
1966617949,FALSE,FALSE,853,1448739007,3865,ASUS ROG DreamLeague Season 4,187,46,Team Empire,https://steamcdn-a.akamaihd.net/apps/dota2/images/team_logos/46.png
1966487311,FALSE,FALSE,2176,1448734834,3865,ASUS ROG DreamLeague Season 4,185,46,Team Empire,https://steamcdn-a.akamaihd.net/apps/dota2/images/team_logos/46.png
1963631832,FALSE,FALSE,2351,1448641224,3865,ASUS ROG DreamLeague Season 4,184,46,Team Empire,https://steamcdn-a.akamaihd.net/apps/dota2/images/team_logos/46.png
1963496331,FALSE,FALSE,1576,1448637762,3865,ASUS ROG DreamLeague Season 4,181,46,Team Empire,https://steamcdn-a.akamaihd.net/apps/dota2/images/team_logos/46.png
1923741910,FALSE,TRUE,2038,1447005237,3726,D2CL Season 6,184,46,Team Empire,https://steamcdn-a.akamaihd.net/apps/dota2/images/team_logos/46.png
1923642959,TRUE,FALSE,1728,1447001997,3726,D2CL Season 6,188,46,Team Empire,https://steamcdn-a.akamaihd.net/apps/dota2/images/team_logos/46.png
1923459197,TRUE,TRUE,3606,1446996543,3726,D2CL Season 6,181,46,Team Empire,https://steamcdn-a.akamaihd.net/apps/dota2/images/team_logos/46.png
1921316393,FALSE,FALSE,1875,1446921997,3781,The Summit 4,181,46,Team Empire,https://steamcdn-a.akamaihd.net/apps/dota2/images/team_logos/46.png
1921224121,FALSE,FALSE,1118,1446919153,3781,The Summit 4,181,46,Team Empire,https://steamcdn-a.akamaihd.net/apps/dota2/images/team_logos/46.png
1921106426,TRUE,TRUE,1747,1446915874,3781,The Summit 4,181,46,Team Empire,https://steamcdn-a.akamaihd.net/apps/dota2/images/team_logos/46.png
1920974442,TRUE,FALSE,1871,1446912457,3781,The Summit 4,182,46,Team Empire,https://steamcdn-a.akamaihd.net/apps/dota2/images/team_logos/46.png
3970420652,TRUE,TRUE,1688,1529834456,9870,The International 2018,134,5039050,Team Kinguin,https://steamcdn-a.akamaihd.net/apps/dota2/images/team_logos/5039050.png
3970333065,TRUE,TRUE,1939,1529831195,9870,The International 2018,131,5039050,Team Kinguin,https://steamcdn-a.akamaihd.net/apps/dota2/images/team_logos/5039050.png
3967062172,TRUE,TRUE,3791,1529681406,9870,The International 2018,132,5039050,Team Kinguin,https://steamcdn-a.akamaihd.net/apps/dota2/images/team_logos/5039050.png
3846224956,FALSE,FALSE,2904,1524419571,9880,ESL One Birmingham 2018 powered by Intel,131,5039050,Team Kinguin,https://steamcdn-a.akamaihd.net/apps/dota2/images/team_logos/5039050.png
3846145446,FALSE,FALSE,1939,1524416089,9880,ESL One Birmingham 2018 powered by Intel,133,5039050,Team Kinguin,https://steamcdn-a.akamaihd.net/apps/dota2/images/team_logos/5039050.png
3846068377,TRUE,TRUE,1928,1524412945,9880,ESL One Birmingham 2018 powered by Intel,135,5039050,Team Kinguin,https://steamcdn-a.akamaihd.net/apps/dota2/images/team_logos/5039050.png
3786489735,FALSE,FALSE,1397,1521316837,5504,2017 Mars Dota 2 League,134,5039050,Team Kinguin,https://steamcdn-a.akamaihd.net/apps/dota2/images/team_logos/5039050.png
3786379725,TRUE,TRUE,2430,1521313021,5504,2017 Mars Dota 2 League,134,5039050,Team Kinguin,https://steamcdn-a.akamaihd.net/apps/dota2/images/team_logos/5039050.png
3737779148,FALSE,FALSE,1667,1518813000,5627,DreamLeague season 8,131,5039050,Team Kinguin,https://steamcdn-a.akamaihd.net/apps/dota2/images/team_logos/5039050.png
3737707928,TRUE,TRUE,1941,1518809340,5627,DreamLeague season 8,133,5039050,Team Kinguin,https://steamcdn-a.akamaihd.net/apps/dota2/images/team_logos/5039050.png
3737097183,TRUE,TRUE,1019,1518785400,5627,DreamLeague season 8,136,5039050,Team Kinguin,https://steamcdn-a.akamaihd.net/apps/dota2/images/team_logos/5039050.png
3737019853,TRUE,TRUE,1384,1518782400,5627,DreamLeague season 8,136,5039050,Team Kinguin,https://steamcdn-a.akamaihd.net/apps/dota2/images/team_logos/5039050.png
3734000042,TRUE,TRUE,2129,1518618016,9601,EPICENTER XL,138,5039050,Team Kinguin,https://steamcdn-a.akamaihd.net/apps/dota2/images/team_logos/5039050.png
3733884597,FALSE,FALSE,2518,1518613498,9601,EPICENTER XL,134,5039050,Team Kinguin,https://steamcdn-a.akamaihd.net/apps/dota2/images/team_logos/5039050.png
3463891097,FALSE,FALSE,3094,1506270306,5579,SL i-League Invitational Season 3,134,5039050,Team Kinguin,https://steamcdn-a.akamaihd.net/apps/dota2/images/team_logos/5039050.png
3463683071,TRUE,TRUE,5067,1506263551,5579,SL i-League Invitational Season 3,137,5039050,Team Kinguin,https://steamcdn-a.akamaihd.net/apps/dota2/images/team_logos/5039050.png
3457764469,FALSE,FALSE,2255,1506023404,5579,SL i-League Invitational Season 3,133,5039050,Team Kinguin,https://steamcdn-a.akamaihd.net/apps/dota2/images/team_logos/5039050.png
3457676571,TRUE,TRUE,3119,1506018922,5579,SL i-League Invitational Season 3,132,5039050,Team Kinguin,https://steamcdn-a.akamaihd.net/apps/dota2/images/team_logos/5039050.png
4986461644,TRUE,TRUE,1474,1566733817,10749,The International 2019,308,2163,Team Liquid,https://steamcdn-a.akamaihd.net/apps/dota2/images/team_logos/2163.png
4986362254,FALSE,FALSE,1403,1566730459,10749,The International 2019,308,2163,Team Liquid,https://steamcdn-a.akamaihd.net/apps/dota2/images/team_logos/2163.png
4986260666,FALSE,FALSE,1945,1566726706,10749,The International 2019,308,2163,Team Liquid,https://steamcdn-a.akamaihd.net/apps/dota2/images/team_logos/2163.png
4986133311,TRUE,FALSE,2914,1566721992,10749,The International 2019,308,2163,Team Liquid,https://steamcdn-a.akamaihd.net/apps/dota2/images/team_logos/2163.png
4796609238,TRUE,TRUE,2042,1559217858,10725,ESL One Birmingham 2019 powered by Intel,136,2163,Team Liquid,https://steamcdn-a.akamaihd.net/apps/dota2/images/team_logos/2163.png
4796449659,FALSE,TRUE,1714,1559214119,10725,ESL One Birmingham 2019 powered by Intel,132,2163,Team Liquid,https://steamcdn-a.akamaihd.net/apps/dota2/images/team_logos/2163.png
4759654609,FALSE,TRUE,2038,1558103894,10826,EPICENTER Major 2019,136,2163,Team Liquid,https://steamcdn-a.akamaihd.net/apps/dota2/images/team_logos/2163.png
4759372928,TRUE,TRUE,2967,1558099195,10826,EPICENTER Major 2019,138,2163,Team Liquid,https://steamcdn-a.akamaihd.net/apps/dota2/images/team_logos/2163.png
4759116001,FALSE,TRUE,2988,1558094560,10826,EPICENTER Major 2019,138,2163,Team Liquid,https://steamcdn-a.akamaihd.net/apps/dota2/images/team_logos/2163.png
4753401405,TRUE,TRUE,2216,1557918691,10826,EPICENTER Major 2019,135,2163,Team Liquid,https://steamcdn-a.akamaihd.net/apps/dota2/images/team_logos/2163.png
4741288719,TRUE,FALSE,1971,1557570216,10810,MDL Disneyland® Paris Major,132,2163,Team Liquid,https://steamcdn-a.akamaihd.net/apps/dota2/images/team_logos/2163.png
4741144901,FALSE,TRUE,2243,1557567027,10810,MDL Disneyland® Paris Major,136,2163,Team Liquid,https://steamcdn-a.akamaihd.net/apps/dota2/images/team_logos/2163.png
4740908625,FALSE,FALSE,2104,1557562229,10810,MDL Disneyland® Paris Major,137,2163,Team Liquid,https://steamcdn-a.akamaihd.net/apps/dota2/images/team_logos/2163.png
4588682521,FALSE,TRUE,2351,1553883212,10810,MDL Disneyland® Paris Major,131,2163,Team Liquid,https://steamcdn-a.akamaihd.net/apps/dota2/images/team_logos/2163.png
4588432372,FALSE,FALSE,2079,1553879257,10810,MDL Disneyland® Paris Major,136,2163,Team Liquid,https://steamcdn-a.akamaihd.net/apps/dota2/images/team_logos/2163.png
4588053078,FALSE,TRUE,3904,1553873371,10810,MDL Disneyland® Paris Major,135,2163,Team Liquid,https://steamcdn-a.akamaihd.net/apps/dota2/images/team_logos/2163.png
4390337783,FALSE,TRUE,2441,1549290932,10681,DreamLeague Season 11,135,2163,Team Liquid,https://steamcdn-a.akamaihd.net/apps/dota2/images/team_logos/2163.png
4390104060,FALSE,TRUE,3291,1549285928,10681,DreamLeague Season 11,137,2163,Team Liquid,https://steamcdn-a.akamaihd.net/apps/dota2/images/team_logos/2163.png
4062010988,TRUE,FALSE,1995,1534373794,9870,The International 2018,113,2163,Team Liquid,https://steamcdn-a.akamaihd.net/apps/dota2/images/team_logos/2163.png
4061952570,FALSE,TRUE,3477,1534368328,9870,The International 2018,113,2163,Team Liquid,https://steamcdn-a.akamaihd.net/apps/dota2/images/team_logos/2163.png
3865875641,FALSE,TRUE,2543,1525442301,9601,EPICENTER XL,182,2163,Team Liquid,https://steamcdn-a.akamaihd.net/apps/dota2/images/team_logos/2163.png
3865715133,TRUE,FALSE,2878,1525437600,9601,EPICENTER XL,188,2163,Team Liquid,https://steamcdn-a.akamaihd.net/apps/dota2/images/team_logos/2163.png
3806929208,TRUE,FALSE,1703,1522393714,9643,Dota2 Asia Championships 2018,223,2163,Team Liquid,https://steamcdn-a.akamaihd.net/apps/dota2/images/team_logos/2163.png
3768860674,TRUE,FALSE,2673,1520438434,9584,PGL BUCHAREST MAJOR 2018,137,2163,Team Liquid,https://steamcdn-a.akamaihd.net/apps/dota2/images/team_logos/2163.png
3747126700,TRUE,FALSE,1737,1519309581,9633,ESL One Katowice 2018 powered by Intel,134,2163,Team Liquid,https://steamcdn-a.akamaihd.net/apps/dota2/images/team_logos/2163.png
3747006714,FALSE,TRUE,2563,1519305151,9633,ESL One Katowice 2018 powered by Intel,135,2163,Team Liquid,https://steamcdn-a.akamaihd.net/apps/dota2/images/team_logos/2163.png
3550606727,FALSE,TRUE,2548,1510160702,5627,DreamLeague season 8,135,2163,Team Liquid,https://steamcdn-a.akamaihd.net/apps/dota2/images/team_logos/2163.png
3550508063,TRUE,FALSE,1992,1510156802,5627,DreamLeague season 8,136,2163,Team Liquid,https://steamcdn-a.akamaihd.net/apps/dota2/images/team_logos/2163.png
3228786798,FALSE,TRUE,3066,1496757490,5353,EPICENTER: Moscow Season 2,182,2163,Team Liquid,https://steamcdn-a.akamaihd.net/apps/dota2/images/team_logos/2163.png
3228618966,TRUE,TRUE,2607,1496752672,5353,EPICENTER: Moscow Season 2,181,2163,Team Liquid,https://steamcdn-a.akamaihd.net/apps/dota2/images/team_logos/2163.png
3228512352,FALSE,TRUE,1521,1496749328,5353,EPICENTER: Moscow Season 2,181,2163,Team Liquid,https://steamcdn-a.akamaihd.net/apps/dota2/images/team_logos/2163.png
2510927175,TRUE,TRUE,3370,1468782006,4442,The Summit 5,112,2163,Team Liquid,https://steamcdn-a.akamaihd.net/apps/dota2/images/team_logos/2163.png
2510831821,TRUE,FALSE,2054,1468778156,4442,The Summit 5,111,2163,Team Liquid,https://steamcdn-a.akamaihd.net/apps/dota2/images/team_logos/2163.png
2510756612,FALSE,FALSE,1169,1468775367,4442,The Summit 5,111,2163,Team Liquid,https://steamcdn-a.akamaihd.net/apps/dota2/images/team_logos/2163.png
2447365661,TRUE,TRUE,2905,1466334045,4554,ESL One Frankfurt 2016,138,2163,Team Liquid,https://steamcdn-a.akamaihd.net/apps/dota2/images/team_logos/2163.png
2447190474,TRUE,TRUE,2661,1466328928,4554,ESL One Frankfurt 2016,138,2163,Team Liquid,https://steamcdn-a.akamaihd.net/apps/dota2/images/team_logos/2163.png
2447074169,TRUE,FALSE,1186,1466325718,4554,ESL One Frankfurt 2016,136,2163,Team Liquid,https://steamcdn-a.akamaihd.net/apps/dota2/images/team_logos/2163.png
2430984806,FALSE,FALSE,2855,1465729383,4479,The Manila Major 2016,151,2163,Team Liquid,https://steamcdn-a.akamaihd.net/apps/dota2/images/team_logos/2163.png
2430853227,FALSE,FALSE,2496,1465725224,4479,The Manila Major 2016,156,2163,Team Liquid,https://steamcdn-a.akamaihd.net/apps/dota2/images/team_logos/2163.png
2430738353,FALSE,FALSE,2260,1465721626,4479,The Manila Major 2016,152,2163,Team Liquid,https://steamcdn-a.akamaihd.net/apps/dota2/images/team_logos/2163.png
2430618706,FALSE,TRUE,2270,1465717822,4479,The Manila Major 2016,151,2163,Team Liquid,https://steamcdn-a.akamaihd.net/apps/dota2/images/team_logos/2163.png
2362849384,FALSE,TRUE,3590,1463239894,4461,EPICENTER: Moscow,185,2163,Team Liquid,https://steamcdn-a.akamaihd.net/apps/dota2/images/team_logos/2163.png
2362722554,TRUE,FALSE,1126,1463237012,4461,EPICENTER: Moscow,183,2163,Team Liquid,https://steamcdn-a.akamaihd.net/apps/dota2/images/team_logos/2163.png
2353764925,TRUE,FALSE,2094,1462892595,4461,EPICENTER: Moscow,133,2163,Team Liquid,https://steamcdn-a.akamaihd.net/apps/dota2/images/team_logos/2163.png
2353646896,TRUE,FALSE,1436,1462889541,4461,EPICENTER: Moscow,131,2163,Team Liquid,https://steamcdn-a.akamaihd.net/apps/dota2/images/team_logos/2163.png
2353463767,TRUE,TRUE,2882,1462884869,4461,EPICENTER: Moscow,131,2163,Team Liquid,https://steamcdn-a.akamaihd.net/apps/dota2/images/team_logos/2163.png
1984801723,FALSE,TRUE,2343,1449430473,3534,The Defense Season 5,133,2163,Team Liquid,https://steamcdn-a.akamaihd.net/apps/dota2/images/team_logos/2163.png
1984698282,TRUE,FALSE,1919,1449426633,3534,The Defense Season 5,132,2163,Team Liquid,https://steamcdn-a.akamaihd.net/apps/dota2/images/team_logos/2163.png
1984529130,FALSE,FALSE,3408,1449421183,3534,The Defense Season 5,132,2163,Team Liquid,https://steamcdn-a.akamaihd.net/apps/dota2/images/team_logos/2163.png
1984422652,FALSE,TRUE,1268,1449418073,3534,The Defense Season 5,132,2163,Team Liquid,https://steamcdn-a.akamaihd.net/apps/dota2/images/team_logos/2163.png
1982075607,TRUE,TRUE,3784,1449340635,3534,The Defense Season 5,132,2163,Team Liquid,https://steamcdn-a.akamaihd.net/apps/dota2/images/team_logos/2163.png
1981953141,FALSE,FALSE,1530,1449337151,3534,The Defense Season 5,132,2163,Team Liquid,https://steamcdn-a.akamaihd.net/apps/dota2/images/team_logos/2163.png
4865821968,TRUE,TRUE,2473,1561547432,10826,EPICENTER Major 2019,181,1838315,Team Secret,https://steamcdn-a.akamaihd.net/apps/dota2/images/team_logos/1838315.png
4865712667,TRUE,TRUE,1622,1561544009,10826,EPICENTER Major 2019,181,1838315,Team Secret,https://steamcdn-a.akamaihd.net/apps/dota2/images/team_logos/1838315.png
4800052059,FALSE,TRUE,1732,1559319677,10725,ESL One Birmingham 2019 powered by Intel,133,1838315,Team Secret,https://steamcdn-a.akamaihd.net/apps/dota2/images/team_logos/1838315.png
4799860587,FALSE,TRUE,2015,1559315690,10725,ESL One Birmingham 2019 powered by Intel,137,1838315,Team Secret,https://steamcdn-a.akamaihd.net/apps/dota2/images/team_logos/1838315.png
4757225229,FALSE,TRUE,1569,1558023607,10826,EPICENTER Major 2019,131,1838315,Team Secret,https://steamcdn-a.akamaihd.net/apps/dota2/images/team_logos/1838315.png
4739243305,FALSE,TRUE,1708,1557506360,10810,MDL Disneyland® Paris Major,131,1838315,Team Secret,https://steamcdn-a.akamaihd.net/apps/dota2/images/team_logos/1838315.png
4739013577,TRUE,FALSE,2245,1557502157,10810,MDL Disneyland® Paris Major,133,1838315,Team Secret,https://steamcdn-a.akamaihd.net/apps/dota2/images/team_logos/1838315.png
4584291316,FALSE,TRUE,3173,1553786301,10810,MDL Disneyland® Paris Major,131,1838315,Team Secret,https://steamcdn-a.akamaihd.net/apps/dota2/images/team_logos/1838315.png
4583990277,TRUE,FALSE,2455,1553782425,10810,MDL Disneyland® Paris Major,133,1838315,Team Secret,https://steamcdn-a.akamaihd.net/apps/dota2/images/team_logos/1838315.png
4438573068,TRUE,FALSE,1836,1550579544,10424,ESL One Katowice 2019 powered by Intel,134,1838315,Team Secret,https://steamcdn-a.akamaihd.net/apps/dota2/images/team_logos/1838315.png
4438214692,TRUE,TRUE,3229,1550574261,10424,ESL One Katowice 2019 powered by Intel,132,1838315,Team Secret,https://steamcdn-a.akamaihd.net/apps/dota2/images/team_logos/1838315.png
3889445646,TRUE,FALSE,2037,1526298401,9862,MDL Changsha ,227,1838315,Team Secret,https://steamcdn-a.akamaihd.net/apps/dota2/images/team_logos/1838315.png
3889323628,FALSE,TRUE,2178,1526294713,9862,MDL Changsha ,227,1838315,Team Secret,https://steamcdn-a.akamaihd.net/apps/dota2/images/team_logos/1838315.png
3858133933,TRUE,TRUE,1286,1525079330,9601,EPICENTER XL,187,1838315,Team Secret,https://steamcdn-a.akamaihd.net/apps/dota2/images/team_logos/1838315.png
3858047503,FALSE,FALSE,1783,1525076087,9601,EPICENTER XL,186,1838315,Team Secret,https://steamcdn-a.akamaihd.net/apps/dota2/images/team_logos/1838315.png
3857948369,FALSE,TRUE,2459,1525071766,9601,EPICENTER XL,183,1838315,Team Secret,https://steamcdn-a.akamaihd.net/apps/dota2/images/team_logos/1838315.png
3552551775,FALSE,TRUE,2311,1510256101,5627,DreamLeague season 8,133,1838315,Team Secret,https://steamcdn-a.akamaihd.net/apps/dota2/images/team_logos/1838315.png
3552460526,TRUE,FALSE,2551,1510251690,5627,DreamLeague season 8,135,1838315,Team Secret,https://steamcdn-a.akamaihd.net/apps/dota2/images/team_logos/1838315.png
3467807003,FALSE,TRUE,2440,1506446412,5579,SL i-League Invitational Season 3,138,1838315,Team Secret,https://steamcdn-a.akamaihd.net/apps/dota2/images/team_logos/1838315.png
3467690896,TRUE,FALSE,2618,1506441786,5579,SL i-League Invitational Season 3,132,1838315,Team Secret,https://steamcdn-a.akamaihd.net/apps/dota2/images/team_logos/1838315.png
3461724849,TRUE,FALSE,3193,1506187079,5579,SL i-League Invitational Season 3,134,1838315,Team Secret,https://steamcdn-a.akamaihd.net/apps/dota2/images/team_logos/1838315.png
3461600560,FALSE,TRUE,2434,1506183233,5579,SL i-League Invitational Season 3,138,1838315,Team Secret,https://steamcdn-a.akamaihd.net/apps/dota2/images/team_logos/1838315.png
3461471433,FALSE,FALSE,2112,1506179554,5579,SL i-League Invitational Season 3,132,1838315,Team Secret,https://steamcdn-a.akamaihd.net/apps/dota2/images/team_logos/1838315.png
3231018652,TRUE,FALSE,2582,1496852851,5353,EPICENTER: Moscow Season 2,187,1838315,Team Secret,https://steamcdn-a.akamaihd.net/apps/dota2/images/team_logos/1838315.png
3230930003,FALSE,TRUE,1722,1496849827,5353,EPICENTER: Moscow Season 2,181,1838315,Team Secret,https://steamcdn-a.akamaihd.net/apps/dota2/images/team_logos/1838315.png
3015373220,TRUE,TRUE,2256,1487841156,5077,SL i-League StarSeries S3,224,1838315,Team Secret,https://steamcdn-a.akamaihd.net/apps/dota2/images/team_logos/1838315.png
3015249063,FALSE,FALSE,2778,1487836445,5077,SL i-League StarSeries S3,224,1838315,Team Secret,https://steamcdn-a.akamaihd.net/apps/dota2/images/team_logos/1838315.png
2680978460,FALSE,FALSE,4562,1475319477,4918,MarsTV Dota 2 League 2016,224,1838315,Team Secret,https://steamcdn-a.akamaihd.net/apps/dota2/images/team_logos/1838315.png
2680843902,TRUE,TRUE,2528,1475315418,4918,MarsTV Dota 2 League 2016,224,1838315,Team Secret,https://steamcdn-a.akamaihd.net/apps/dota2/images/team_logos/1838315.png
2193321592,FALSE,TRUE,2443,1456979348,4266,Winter Major 2016,224,1838315,Team Secret,https://steamcdn-a.akamaihd.net/apps/dota2/images/team_logos/1838315.png
2193255935,TRUE,FALSE,2146,1456975709,4266,Winter Major 2016,224,1838315,Team Secret,https://steamcdn-a.akamaihd.net/apps/dota2/images/team_logos/1838315.png
2193199056,TRUE,TRUE,1623,1456972292,4266,Winter Major 2016,224,1838315,Team Secret,https://steamcdn-a.akamaihd.net/apps/dota2/images/team_logos/1838315.png
2110775831,TRUE,TRUE,1001,1453991144,4301,2015 MarsTV Dota 2 League,224,1838315,Team Secret,https://steamcdn-a.akamaihd.net/apps/dota2/images/team_logos/1838315.png
2110583807,TRUE,TRUE,2690,1453986584,4301,2015 MarsTV Dota 2 League,224,1838315,Team Secret,https://steamcdn-a.akamaihd.net/apps/dota2/images/team_logos/1838315.png
1950565767,FALSE,FALSE,2029,1448127726,3671,Dota 2 Majors EU 2015,133,1838315,Team Secret,https://steamcdn-a.akamaihd.net/apps/dota2/images/team_logos/1838315.png
1950431595,FALSE,TRUE,2351,1448123780,3671,Dota 2 Majors EU 2015,132,1838315,Team Secret,https://steamcdn-a.akamaihd.net/apps/dota2/images/team_logos/1838315.png
1950217743,FALSE,FALSE,3911,1448118160,3671,Dota 2 Majors EU 2015,133,1838315,Team Secret,https://steamcdn-a.akamaihd.net/apps/dota2/images/team_logos/1838315.png
1950077300,FALSE,FALSE,1926,1448114781,3671,Dota 2 Majors EU 2015,133,1838315,Team Secret,https://steamcdn-a.akamaihd.net/apps/dota2/images/team_logos/1838315.png
4754118141,TRUE,TRUE,1803,1557931178,10826,EPICENTER Major 2019,135,5059375,The Final Tribe,https://steamcdn-a.akamaihd.net/apps/dota2/images/team_logos/5059375.png
4593017705,TRUE,TRUE,1764,1553969499,10810,MDL Disneyland® Paris Major,133,5059375,The Final Tribe,https://steamcdn-a.akamaihd.net/apps/dota2/images/team_logos/5059375.png
4592878564,TRUE,TRUE,1028,1553966930,10810,MDL Disneyland® Paris Major,132,5059375,The Final Tribe,https://steamcdn-a.akamaihd.net/apps/dota2/images/team_logos/5059375.png
4585002665,TRUE,TRUE,3373,1553804617,10810,MDL Disneyland® Paris Major,134,5059375,The Final Tribe,https://steamcdn-a.akamaihd.net/apps/dota2/images/team_logos/5059375.png
4584903905,TRUE,TRUE,1849,1553801107,10810,MDL Disneyland® Paris Major,136,5059375,The Final Tribe,https://steamcdn-a.akamaihd.net/apps/dota2/images/team_logos/5059375.png
4584779347,TRUE,FALSE,2413,1553797331,10810,MDL Disneyland® Paris Major,133,5059375,The Final Tribe,https://steamcdn-a.akamaihd.net/apps/dota2/images/team_logos/5059375.png
4253039074,TRUE,TRUE,2055,1543857342,10452,The Bucharest Minor 2019,134,5059375,The Final Tribe,https://steamcdn-a.akamaihd.net/apps/dota2/images/team_logos/5059375.png
4252728209,FALSE,FALSE,1768,1543845753,10452,The Bucharest Minor 2019,137,5059375,The Final Tribe,https://steamcdn-a.akamaihd.net/apps/dota2/images/team_logos/5059375.png
4252621747,FALSE,TRUE,1848,1543842213,10452,The Bucharest Minor 2019,131,5059375,The Final Tribe,https://steamcdn-a.akamaihd.net/apps/dota2/images/team_logos/5059375.png
3966401120,FALSE,FALSE,1895,1529658024,9870,The International 2018,137,5059375,The Final Tribe,https://steamcdn-a.akamaihd.net/apps/dota2/images/team_logos/5059375.png
3843905631,TRUE,TRUE,801,1524319226,9880,ESL One Birmingham 2018 powered by Intel,134,5059375,The Final Tribe,https://steamcdn-a.akamaihd.net/apps/dota2/images/team_logos/5059375.png
3843797586,TRUE,TRUE,1927,1524315942,9880,ESL One Birmingham 2018 powered by Intel,131,5059375,The Final Tribe,https://steamcdn-a.akamaihd.net/apps/dota2/images/team_logos/5059375.png
3736096126,TRUE,TRUE,2314,1518728089,9601,EPICENTER XL,138,5059375,The Final Tribe,https://steamcdn-a.akamaihd.net/apps/dota2/images/team_logos/5059375.png
3735966321,TRUE,FALSE,2211,1518721961,9601,EPICENTER XL,137,5059375,The Final Tribe,https://steamcdn-a.akamaihd.net/apps/dota2/images/team_logos/5059375.png
3735890256,TRUE,TRUE,1884,1518718342,9601,EPICENTER XL,137,5059375,The Final Tribe,https://steamcdn-a.akamaihd.net/apps/dota2/images/team_logos/5059375.png
3725646115,TRUE,TRUE,2153,1518200128,9643,Dota2 Asia Championships 2018,132,5059375,The Final Tribe,https://steamcdn-a.akamaihd.net/apps/dota2/images/team_logos/5059375.png
3725542671,FALSE,FALSE,2216,1518195933,9643,Dota2 Asia Championships 2018,133,5059375,The Final Tribe,https://steamcdn-a.akamaihd.net/apps/dota2/images/team_logos/5059375.png
3720933536,FALSE,FALSE,2740,1517952038,9643,Dota2 Asia Championships 2018,136,5059375,The Final Tribe,https://steamcdn-a.akamaihd.net/apps/dota2/images/team_logos/5059375.png
3720880088,TRUE,TRUE,1858,1517948620,9643,Dota2 Asia Championships 2018,134,5059375,The Final Tribe,https://steamcdn-a.akamaihd.net/apps/dota2/images/team_logos/5059375.png
4859847622,TRUE,FALSE,3208,1561292026,10826,EPICENTER Major 2019,131,2108395,TNC Predator,https://steamcdn-a.akamaihd.net/apps/dota2/images/team_logos/2108395.png
4859719549,TRUE,FALSE,2022,1561288399,10826,EPICENTER Major 2019,136,2108395,TNC Predator,https://steamcdn-a.akamaihd.net/apps/dota2/images/team_logos/2108395.png
4859570068,FALSE,FALSE,2827,1561284069,10826,EPICENTER Major 2019,132,2108395,TNC Predator,https://steamcdn-a.akamaihd.net/apps/dota2/images/team_logos/2108395.png
4793945126,FALSE,FALSE,1896,1559130930,10725,ESL One Birmingham 2019 powered by Intel,134,2108395,TNC Predator,https://steamcdn-a.akamaihd.net/apps/dota2/images/team_logos/2108395.png
4793807482,TRUE,FALSE,1327,1559127666,10725,ESL One Birmingham 2019 powered by Intel,133,2108395,TNC Predator,https://steamcdn-a.akamaihd.net/apps/dota2/images/team_logos/2108395.png
3808965597,TRUE,FALSE,2151,1522490275,9643,Dota2 Asia Championships 2018,223,2108395,TNC Predator,https://steamcdn-a.akamaihd.net/apps/dota2/images/team_logos/2108395.png
3690751201,FALSE,FALSE,2977,1516499182,8055,Galaxy Battles: Emerging Worlds,152,2108395,TNC Predator,https://steamcdn-a.akamaihd.net/apps/dota2/images/team_logos/2108395.png
3610090295,TRUE,TRUE,2382,1512910103,5504,2017 Mars Dota 2 League,223,2108395,TNC Predator,https://steamcdn-a.akamaihd.net/apps/dota2/images/team_logos/2108395.png
3609945974,FALSE,FALSE,2307,1512905842,5504,2017 Mars Dota 2 League,223,2108395,TNC Predator,https://steamcdn-a.akamaihd.net/apps/dota2/images/team_logos/2108395.png
3606848244,FALSE,FALSE,3574,1512785052,5504,2017 Mars Dota 2 League,155,2108395,TNC Predator,https://steamcdn-a.akamaihd.net/apps/dota2/images/team_logos/2108395.png
3365946637,FALSE,FALSE,2355,1502303876,5401,The International 2017,111,2108395,TNC Predator,https://steamcdn-a.akamaihd.net/apps/dota2/images/team_logos/2108395.png
3365858882,TRUE,TRUE,2190,1502299802,5401,The International 2017,111,2108395,TNC Predator,https://steamcdn-a.akamaihd.net/apps/dota2/images/team_logos/2108395.png
3014944497,TRUE,TRUE,2046,1487821712,5077,SL i-League StarSeries S3,224,2108395,TNC Predator,https://steamcdn-a.akamaihd.net/apps/dota2/images/team_logos/2108395.png
3014869433,FALSE,FALSE,2877,1487816868,5077,SL i-League StarSeries S3,224,2108395,TNC Predator,https://steamcdn-a.akamaihd.net/apps/dota2/images/team_logos/2108395.png
2560377671,TRUE,FALSE,3563,1470786828,4664,The International 2016,113,2108395,TNC Predator,https://steamcdn-a.akamaihd.net/apps/dota2/images/team_logos/2108395.png
2560320998,FALSE,TRUE,3257,1470782101,4664,The International 2016,113,2108395,TNC Predator,https://steamcdn-a.akamaihd.net/apps/dota2/images/team_logos/2108395.png
2551078113,TRUE,TRUE,1960,1470418844,4664,The International 2016,113,2108395,TNC Predator,https://steamcdn-a.akamaihd.net/apps/dota2/images/team_logos/2108395.png
2550969678,FALSE,FALSE,2791,1470414681,4664,The International 2016,113,2108395,TNC Predator,https://steamcdn-a.akamaihd.net/apps/dota2/images/team_logos/2108395.png
4414936899,TRUE,TRUE,2047,1549972895,10733,StarLadder ImbaTV Dota2 Minor,136,2006913,Vega Squadron,https://steamcdn-a.akamaihd.net/apps/dota2/images/team_logos/2006913.png
4414750044,FALSE,FALSE,1825,1549969600,10733,StarLadder ImbaTV Dota2 Minor,135,2006913,Vega Squadron,https://steamcdn-a.akamaihd.net/apps/dota2/images/team_logos/2006913.png
4396327192,FALSE,TRUE,2158,1549461900,10681,DreamLeague Season 11,134,2006913,Vega Squadron,https://steamcdn-a.akamaihd.net/apps/dota2/images/team_logos/2006913.png
4396072387,TRUE,FALSE,1975,1549458006,10681,DreamLeague Season 11,137,2006913,Vega Squadron,https://steamcdn-a.akamaihd.net/apps/dota2/images/team_logos/2006913.png
4313614567,TRUE,TRUE,2311,1546623589,10440,Winter Madness,132,2006913,Vega Squadron,https://steamcdn-a.akamaihd.net/apps/dota2/images/team_logos/2006913.png
4313502911,FALSE,FALSE,1394,1546620163,10440,Winter Madness,132,2006913,Vega Squadron,https://steamcdn-a.akamaihd.net/apps/dota2/images/team_logos/2006913.png
4253310063,TRUE,TRUE,2533,1543872415,10452,The Bucharest Minor 2019,134,2006913,Vega Squadron,https://steamcdn-a.akamaihd.net/apps/dota2/images/team_logos/2006913.png
4253254208,FALSE,FALSE,1947,1543868564,10452,The Bucharest Minor 2019,131,2006913,Vega Squadron,https://steamcdn-a.akamaihd.net/apps/dota2/images/team_logos/2006913.png
3487002683,TRUE,TRUE,1809,1507321504,5336,DreamLeague season 7,134,2006913,Vega Squadron,https://steamcdn-a.akamaihd.net/apps/dota2/images/team_logos/2006913.png
3486887783,TRUE,FALSE,3252,1507316403,5336,DreamLeague season 7,137,2006913,Vega Squadron,https://steamcdn-a.akamaihd.net/apps/dota2/images/team_logos/2006913.png
1933638419,FALSE,TRUE,3553,1447451253,3671,Dota 2 Majors EU 2015,138,2006913,Vega Squadron,https://steamcdn-a.akamaihd.net/apps/dota2/images/team_logos/2006913.png
1933563740,TRUE,FALSE,2362,1447447370,3671,Dota 2 Majors EU 2015,133,2006913,Vega Squadron,https://steamcdn-a.akamaihd.net/apps/dota2/images/team_logos/2006913.png
1933489792,FALSE,FALSE,1779,1447444005,3671,Dota 2 Majors EU 2015,138,2006913,Vega Squadron,https://steamcdn-a.akamaihd.net/apps/dota2/images/team_logos/2006913.png
1932608822,TRUE,FALSE,2356,1447415977,3671,Dota 2 Majors EU 2015,133,2006913,Vega Squadron,https://steamcdn-a.akamaihd.net/apps/dota2/images/team_logos/2006913.png
1932514886,FALSE,TRUE,1842,1447412382,3671,Dota 2 Majors EU 2015,138,2006913,Vega Squadron,https://steamcdn-a.akamaihd.net/apps/dota2/images/team_logos/2006913.png
1932434600,FALSE,FALSE,2161,1447408706,3671,Dota 2 Majors EU 2015,132,2006913,Vega Squadron,https://steamcdn-a.akamaihd.net/apps/dota2/images/team_logos/2006913.png
4973348952,TRUE,TRUE,2312,1566113305,10749,The International 2019,308,726228,Vici Gaming,https://steamcdn-a.akamaihd.net/apps/dota2/images/team_logos/726228.png
4973241356,TRUE,FALSE,2372,1566108962,10749,The International 2019,308,726228,Vici Gaming,https://steamcdn-a.akamaihd.net/apps/dota2/images/team_logos/726228.png
4794419186,TRUE,FALSE,2603,1559139864,10725,ESL One Birmingham 2019 powered by Intel,136,726228,Vici Gaming,https://steamcdn-a.akamaihd.net/apps/dota2/images/team_logos/726228.png
4794237066,FALSE,TRUE,1491,1559136576,10725,ESL One Birmingham 2019 powered by Intel,135,726228,Vici Gaming,https://steamcdn-a.akamaihd.net/apps/dota2/images/team_logos/726228.png
3909090113,FALSE,FALSE,2772,1527074850,9880,ESL One Birmingham 2018 powered by Intel,138,726228,Vici Gaming,https://steamcdn-a.akamaihd.net/apps/dota2/images/team_logos/726228.png
3810797045,FALSE,TRUE,2257,1522571997,9643,Dota2 Asia Championships 2018,223,726228,Vici Gaming,https://steamcdn-a.akamaihd.net/apps/dota2/images/team_logos/726228.png
3805223928,FALSE,FALSE,2222,1522304270,9643,Dota2 Asia Championships 2018,223,726228,Vici Gaming,https://steamcdn-a.akamaihd.net/apps/dota2/images/team_logos/726228.png
3743753906,FALSE,TRUE,3389,1519125144,9633,ESL One Katowice 2018 powered by Intel,131,726228,Vici Gaming,https://steamcdn-a.akamaihd.net/apps/dota2/images/team_logos/726228.png
3539980173,TRUE,FALSE,3219,1509716735,5690,AMD SAPPHIRE Dota PIT,137,726228,Vici Gaming,https://steamcdn-a.akamaihd.net/apps/dota2/images/team_logos/726228.png
3539833160,FALSE,TRUE,2192,1509712876,5690,AMD SAPPHIRE Dota PIT,131,726228,Vici Gaming,https://steamcdn-a.akamaihd.net/apps/dota2/images/team_logos/726228.png
3539645043,TRUE,TRUE,2122,1509707323,5690,AMD SAPPHIRE Dota PIT,132,726228,Vici Gaming,https://steamcdn-a.akamaihd.net/apps/dota2/images/team_logos/726228.png
3294264330,TRUE,TRUE,3071,1499253739,5504,2017 Mars Dota 2 League,224,726228,Vici Gaming,https://steamcdn-a.akamaihd.net/apps/dota2/images/team_logos/726228.png
2680048021,TRUE,TRUE,1870,1475287223,4918,MarsTV Dota 2 League 2016,224,726228,Vici Gaming,https://steamcdn-a.akamaihd.net/apps/dota2/images/team_logos/726228.png
2107740985,TRUE,FALSE,2276,1453873420,4301,2015 MarsTV Dota 2 League,224,726228,Vici Gaming,https://steamcdn-a.akamaihd.net/apps/dota2/images/team_logos/726228.png
2107644923,FALSE,TRUE,2509,1453868495,4301,2015 MarsTV Dota 2 League,224,726228,Vici Gaming,https://steamcdn-a.akamaihd.net/apps/dota2/images/team_logos/726228.png
1991666142,TRUE,FALSE,1795,1449718578,3781,The Summit 4,112,726228,Vici Gaming,https://steamcdn-a.akamaihd.net/apps/dota2/images/team_logos/726228.png
1991602467,FALSE,FALSE,1908,1449714893,3781,The Summit 4,112,726228,Vici Gaming,https://steamcdn-a.akamaihd.net/apps/dota2/images/team_logos/726228.png
1991532094,FALSE,TRUE,2966,1449710264,3781,The Summit 4,112,726228,Vici Gaming,https://steamcdn-a.akamaihd.net/apps/dota2/images/team_logos/726228.png
4971147140,FALSE,FALSE,1996,1566018520,10749,The International 2019,308,1883502,Virtus.pro,https://steamcdn-a.akamaihd.net/apps/dota2/images/team_logos/1883502.png
4971088106,FALSE,FALSE,1294,1566015372,10749,The International 2019,308,1883502,Virtus.pro,https://steamcdn-a.akamaihd.net/apps/dota2/images/team_logos/1883502.png
4726107084,TRUE,TRUE,1158,1557146054,10810,MDL Disneyland® Paris Major,133,1883502,Virtus.pro,https://steamcdn-a.akamaihd.net/apps/dota2/images/team_logos/1883502.png
4725901207,FALSE,FALSE,1425,1557142474,10810,MDL Disneyland® Paris Major,132,1883502,Virtus.pro,https://steamcdn-a.akamaihd.net/apps/dota2/images/team_logos/1883502.png
3910845348,TRUE,FALSE,1509,1527156100,9880,ESL One Birmingham 2018 powered by Intel,135,1883502,Virtus.pro,https://steamcdn-a.akamaihd.net/apps/dota2/images/team_logos/1883502.png
3861026687,TRUE,FALSE,1879,1525196265,9601,EPICENTER XL,184,1883502,Virtus.pro,https://steamcdn-a.akamaihd.net/apps/dota2/images/team_logos/1883502.png
3860917809,FALSE,TRUE,2576,1525191944,9601,EPICENTER XL,182,1883502,Virtus.pro,https://steamcdn-a.akamaihd.net/apps/dota2/images/team_logos/1883502.png
3620796674,TRUE,FALSE,2748,1513389179,5850,Dota Summit 8,111,1883502,Virtus.pro,https://steamcdn-a.akamaihd.net/apps/dota2/images/team_logos/1883502.png
3620742450,TRUE,FALSE,1913,1513385500,5850,Dota Summit 8,112,1883502,Virtus.pro,https://steamcdn-a.akamaihd.net/apps/dota2/images/team_logos/1883502.png
3620675836,TRUE,FALSE,2080,1513381466,5850,Dota Summit 8,111,1883502,Virtus.pro,https://steamcdn-a.akamaihd.net/apps/dota2/images/team_logos/1883502.png
3605580580,TRUE,FALSE,2159,1512731194,5504,2017 Mars Dota 2 League,151,1883502,Virtus.pro,https://steamcdn-a.akamaihd.net/apps/dota2/images/team_logos/1883502.png
3485007131,TRUE,FALSE,2942,1507234500,5336,DreamLeague season 7,131,1883502,Virtus.pro,https://steamcdn-a.akamaihd.net/apps/dota2/images/team_logos/1883502.png
3484939240,TRUE,TRUE,1955,1507230896,5336,DreamLeague season 7,135,1883502,Virtus.pro,https://steamcdn-a.akamaihd.net/apps/dota2/images/team_logos/1883502.png
3354345479,TRUE,FALSE,4076,1501812586,5401,The International 2017,113,1883502,Virtus.pro,https://steamcdn-a.akamaihd.net/apps/dota2/images/team_logos/1883502.png
3354286673,TRUE,FALSE,2556,1501808227,5401,The International 2017,113,1883502,Virtus.pro,https://steamcdn-a.akamaihd.net/apps/dota2/images/team_logos/1883502.png
3149572447,TRUE,TRUE,3572,1493579346,5157,Kiev Major,135,1883502,Virtus.pro,https://steamcdn-a.akamaihd.net/apps/dota2/images/team_logos/1883502.png
3149480550,TRUE,TRUE,2038,1493575509,5157,Kiev Major,132,1883502,Virtus.pro,https://steamcdn-a.akamaihd.net/apps/dota2/images/team_logos/1883502.png
3149353238,TRUE,FALSE,2902,1493570791,5157,Kiev Major,132,1883502,Virtus.pro,https://steamcdn-a.akamaihd.net/apps/dota2/images/team_logos/1883502.png
3149215336,FALSE,TRUE,2109,1493566333,5157,Kiev Major,136,1883502,Virtus.pro,https://steamcdn-a.akamaihd.net/apps/dota2/images/team_logos/1883502.png
3149054430,TRUE,TRUE,2954,1493561542,5157,Kiev Major,135,1883502,Virtus.pro,https://steamcdn-a.akamaihd.net/apps/dota2/images/team_logos/1883502.png
2928405645,TRUE,TRUE,1770,1484952275,4979,Dota Pit League Season Five,133,1883502,Virtus.pro,https://steamcdn-a.akamaihd.net/apps/dota2/images/team_logos/1883502.png
2928296293,TRUE,TRUE,3442,1484945935,4979,Dota Pit League Season Five,134,1883502,Virtus.pro,https://steamcdn-a.akamaihd.net/apps/dota2/images/team_logos/1883502.png
2792743374,TRUE,FALSE,1486,1479685889,4442,The Summit 5,111,1883502,Virtus.pro,https://steamcdn-a.akamaihd.net/apps/dota2/images/team_logos/1883502.png
2792706825,FALSE,TRUE,1376,1479683063,4442,The Summit 5,111,1883502,Virtus.pro,https://steamcdn-a.akamaihd.net/apps/dota2/images/team_logos/1883502.png
2792644393,TRUE,FALSE,2524,1479678713,4442,The Summit 5,112,1883502,Virtus.pro,https://steamcdn-a.akamaihd.net/apps/dota2/images/team_logos/1883502.png
2787674014,FALSE,TRUE,2348,1479517735,4442,The Summit 5,112,1883502,Virtus.pro,https://steamcdn-a.akamaihd.net/apps/dota2/images/team_logos/1883502.png
2787628023,TRUE,FALSE,1480,1479514761,4442,The Summit 5,112,1883502,Virtus.pro,https://steamcdn-a.akamaihd.net/apps/dota2/images/team_logos/1883502.png
2787593845,TRUE,TRUE,663,1479512400,4442,The Summit 5,111,1883502,Virtus.pro,https://steamcdn-a.akamaihd.net/apps/dota2/images/team_logos/1883502.png
2761501729,TRUE,FALSE,2010,1478461043,4554,ESL One Frankfurt 2016,133,1883502,Virtus.pro,https://steamcdn-a.akamaihd.net/apps/dota2/images/team_logos/1883502.png
2761419323,FALSE,FALSE,1472,1478457768,4554,ESL One Frankfurt 2016,133,1883502,Virtus.pro,https://steamcdn-a.akamaihd.net/apps/dota2/images/team_logos/1883502.png
2761329697,FALSE,FALSE,1986,1478454551,4554,ESL One Frankfurt 2016,133,1883502,Virtus.pro,https://steamcdn-a.akamaihd.net/apps/dota2/images/team_logos/1883502.png
2761247345,FALSE,TRUE,1377,1478451841,4554,ESL One Frankfurt 2016,131,1883502,Virtus.pro,https://steamcdn-a.akamaihd.net/apps/dota2/images/team_logos/1883502.png
2761136622,FALSE,TRUE,1882,1478448460,4554,ESL One Frankfurt 2016,131,1883502,Virtus.pro,https://steamcdn-a.akamaihd.net/apps/dota2/images/team_logos/1883502.png
2194067318,TRUE,TRUE,2409,1457007050,4266,Winter Major 2016,224,1883502,Virtus.pro,https://steamcdn-a.akamaihd.net/apps/dota2/images/team_logos/1883502.png
1998715126,TRUE,FALSE,1910,1449973438,3781,The Summit 4,111,1883502,Virtus.pro,https://steamcdn-a.akamaihd.net/apps/dota2/images/team_logos/1883502.png
1998652203,TRUE,FALSE,2172,1449970080,3781,The Summit 4,111,1883502,Virtus.pro,https://steamcdn-a.akamaihd.net/apps/dota2/images/team_logos/1883502.png
1975123151,TRUE,FALSE,1995,1449080422,3902,StarLadder | i-League,138,1883502,Virtus.pro,https://steamcdn-a.akamaihd.net/apps/dota2/images/team_logos/1883502.png
1975030290,TRUE,FALSE,2098,1449077013,3902,StarLadder | i-League,132,1883502,Virtus.pro,https://steamcdn-a.akamaihd.net/apps/dota2/images/team_logos/1883502.png
1974889056,FALSE,FALSE,3279,1449072250,3902,StarLadder | i-League,133,1883502,Virtus.pro,https://steamcdn-a.akamaihd.net/apps/dota2/images/team_logos/1883502.png
1945236890,FALSE,FALSE,2639,1447934340,3671,Dota 2 Majors EU 2015,133,1883502,Virtus.pro,https://steamcdn-a.akamaihd.net/apps/dota2/images/team_logos/1883502.png
1945112557,TRUE,FALSE,2829,1447930144,3671,Dota 2 Majors EU 2015,138,1883502,Virtus.pro,https://steamcdn-a.akamaihd.net/apps/dota2/images/team_logos/1883502.png
1945023833,FALSE,FALSE,2167,1447926751,3671,Dota 2 Majors EU 2015,132,1883502,Virtus.pro,https://steamcdn-a.akamaihd.net/apps/dota2/images/team_logos/1883502.png
1916879181,TRUE,TRUE,1879,1446761310,3781,The Summit 4,132,1883502,Virtus.pro,https://steamcdn-a.akamaihd.net/apps/dota2/images/team_logos/1883502.png
1916772853,FALSE,TRUE,1929,1446755404,3781,The Summit 4,132,1883502,Virtus.pro,https://steamcdn-a.akamaihd.net/apps/dota2/images/team_logos/1883502.png
